"disease","year","age","country","country_name","cohort_size","deaths","cases","dalys"
"JE",2000,0,"PAK","Pakistan","","","",""
"JE",2001,0,"PAK","Pakistan","","","",""
"JE",2002,0,"PAK","Pakistan","","","",""
"JE",2003,0,"PAK","Pakistan","","","",""
"JE",2004,0,"PAK","Pakistan","","","",""
"JE",2005,0,"PAK","Pakistan","","","",""
"JE",2006,0,"PAK","Pakistan","","","",""
"JE",2007,0,"PAK","Pakistan","","","",""
"JE",2008,0,"PAK","Pakistan","","","",""
"JE",2009,0,"PAK","Pakistan","","","",""
"JE",2010,0,"PAK","Pakistan","","","",""
"JE",2011,0,"PAK","Pakistan","","","",""
"JE",2012,0,"PAK","Pakistan","","","",""
"JE",2013,0,"PAK","Pakistan","","","",""
"JE",2014,0,"PAK","Pakistan","","","",""
"JE",2015,0,"PAK","Pakistan","","","",""
"JE",2016,0,"PAK","Pakistan","","","",""
"JE",2017,0,"PAK","Pakistan","","","",""
"JE",2018,0,"PAK","Pakistan","","","",""
"JE",2019,0,"PAK","Pakistan","","","",""
"JE",2020,0,"PAK","Pakistan","","","",""
"JE",2021,0,"PAK","Pakistan","","","",""
"JE",2022,0,"PAK","Pakistan","","","",""
"JE",2023,0,"PAK","Pakistan","","","",""
"JE",2024,0,"PAK","Pakistan","","","",""
"JE",2025,0,"PAK","Pakistan","","","",""
"JE",2026,0,"PAK","Pakistan","","","",""
"JE",2027,0,"PAK","Pakistan","","","",""
"JE",2028,0,"PAK","Pakistan","","","",""
"JE",2029,0,"PAK","Pakistan","","","",""
"JE",2030,0,"PAK","Pakistan","","","",""
"JE",2031,0,"PAK","Pakistan","","","",""
"JE",2032,0,"PAK","Pakistan","","","",""
"JE",2033,0,"PAK","Pakistan","","","",""
"JE",2034,0,"PAK","Pakistan","","","",""
"JE",2035,0,"PAK","Pakistan","","","",""
"JE",2036,0,"PAK","Pakistan","","","",""
"JE",2037,0,"PAK","Pakistan","","","",""
"JE",2038,0,"PAK","Pakistan","","","",""
"JE",2039,0,"PAK","Pakistan","","","",""
"JE",2040,0,"PAK","Pakistan","","","",""
"JE",2041,0,"PAK","Pakistan","","","",""
"JE",2042,0,"PAK","Pakistan","","","",""
"JE",2043,0,"PAK","Pakistan","","","",""
"JE",2044,0,"PAK","Pakistan","","","",""
"JE",2000,1,"PAK","Pakistan","","","",""
"JE",2001,1,"PAK","Pakistan","","","",""
"JE",2002,1,"PAK","Pakistan","","","",""
"JE",2003,1,"PAK","Pakistan","","","",""
"JE",2004,1,"PAK","Pakistan","","","",""
"JE",2005,1,"PAK","Pakistan","","","",""
"JE",2006,1,"PAK","Pakistan","","","",""
"JE",2007,1,"PAK","Pakistan","","","",""
"JE",2008,1,"PAK","Pakistan","","","",""
"JE",2009,1,"PAK","Pakistan","","","",""
"JE",2010,1,"PAK","Pakistan","","","",""
"JE",2011,1,"PAK","Pakistan","","","",""
"JE",2012,1,"PAK","Pakistan","","","",""
"JE",2013,1,"PAK","Pakistan","","","",""
"JE",2014,1,"PAK","Pakistan","","","",""
"JE",2015,1,"PAK","Pakistan","","","",""
"JE",2016,1,"PAK","Pakistan","","","",""
"JE",2017,1,"PAK","Pakistan","","","",""
"JE",2018,1,"PAK","Pakistan","","","",""
"JE",2019,1,"PAK","Pakistan","","","",""
"JE",2020,1,"PAK","Pakistan","","","",""
"JE",2021,1,"PAK","Pakistan","","","",""
"JE",2022,1,"PAK","Pakistan","","","",""
"JE",2023,1,"PAK","Pakistan","","","",""
"JE",2024,1,"PAK","Pakistan","","","",""
"JE",2025,1,"PAK","Pakistan","","","",""
"JE",2026,1,"PAK","Pakistan","","","",""
"JE",2027,1,"PAK","Pakistan","","","",""
"JE",2028,1,"PAK","Pakistan","","","",""
"JE",2029,1,"PAK","Pakistan","","","",""
"JE",2030,1,"PAK","Pakistan","","","",""
"JE",2031,1,"PAK","Pakistan","","","",""
"JE",2032,1,"PAK","Pakistan","","","",""
"JE",2033,1,"PAK","Pakistan","","","",""
"JE",2034,1,"PAK","Pakistan","","","",""
"JE",2035,1,"PAK","Pakistan","","","",""
"JE",2036,1,"PAK","Pakistan","","","",""
"JE",2037,1,"PAK","Pakistan","","","",""
"JE",2038,1,"PAK","Pakistan","","","",""
"JE",2039,1,"PAK","Pakistan","","","",""
"JE",2040,1,"PAK","Pakistan","","","",""
"JE",2041,1,"PAK","Pakistan","","","",""
"JE",2042,1,"PAK","Pakistan","","","",""
"JE",2043,1,"PAK","Pakistan","","","",""
"JE",2044,1,"PAK","Pakistan","","","",""
"JE",2000,2,"PAK","Pakistan","","","",""
"JE",2001,2,"PAK","Pakistan","","","",""
"JE",2002,2,"PAK","Pakistan","","","",""
"JE",2003,2,"PAK","Pakistan","","","",""
"JE",2004,2,"PAK","Pakistan","","","",""
"JE",2005,2,"PAK","Pakistan","","","",""
"JE",2006,2,"PAK","Pakistan","","","",""
"JE",2007,2,"PAK","Pakistan","","","",""
"JE",2008,2,"PAK","Pakistan","","","",""
"JE",2009,2,"PAK","Pakistan","","","",""
"JE",2010,2,"PAK","Pakistan","","","",""
"JE",2011,2,"PAK","Pakistan","","","",""
"JE",2012,2,"PAK","Pakistan","","","",""
"JE",2013,2,"PAK","Pakistan","","","",""
"JE",2014,2,"PAK","Pakistan","","","",""
"JE",2015,2,"PAK","Pakistan","","","",""
"JE",2016,2,"PAK","Pakistan","","","",""
"JE",2017,2,"PAK","Pakistan","","","",""
"JE",2018,2,"PAK","Pakistan","","","",""
"JE",2019,2,"PAK","Pakistan","","","",""
"JE",2020,2,"PAK","Pakistan","","","",""
"JE",2021,2,"PAK","Pakistan","","","",""
"JE",2022,2,"PAK","Pakistan","","","",""
"JE",2023,2,"PAK","Pakistan","","","",""
"JE",2024,2,"PAK","Pakistan","","","",""
"JE",2025,2,"PAK","Pakistan","","","",""
"JE",2026,2,"PAK","Pakistan","","","",""
"JE",2027,2,"PAK","Pakistan","","","",""
"JE",2028,2,"PAK","Pakistan","","","",""
"JE",2029,2,"PAK","Pakistan","","","",""
"JE",2030,2,"PAK","Pakistan","","","",""
"JE",2031,2,"PAK","Pakistan","","","",""
"JE",2032,2,"PAK","Pakistan","","","",""
"JE",2033,2,"PAK","Pakistan","","","",""
"JE",2034,2,"PAK","Pakistan","","","",""
"JE",2035,2,"PAK","Pakistan","","","",""
"JE",2036,2,"PAK","Pakistan","","","",""
"JE",2037,2,"PAK","Pakistan","","","",""
"JE",2038,2,"PAK","Pakistan","","","",""
"JE",2039,2,"PAK","Pakistan","","","",""
"JE",2040,2,"PAK","Pakistan","","","",""
"JE",2041,2,"PAK","Pakistan","","","",""
"JE",2042,2,"PAK","Pakistan","","","",""
"JE",2043,2,"PAK","Pakistan","","","",""
"JE",2044,2,"PAK","Pakistan","","","",""
"JE",2000,3,"PAK","Pakistan","","","",""
"JE",2001,3,"PAK","Pakistan","","","",""
"JE",2002,3,"PAK","Pakistan","","","",""
"JE",2003,3,"PAK","Pakistan","","","",""
"JE",2004,3,"PAK","Pakistan","","","",""
"JE",2005,3,"PAK","Pakistan","","","",""
"JE",2006,3,"PAK","Pakistan","","","",""
"JE",2007,3,"PAK","Pakistan","","","",""
"JE",2008,3,"PAK","Pakistan","","","",""
"JE",2009,3,"PAK","Pakistan","","","",""
"JE",2010,3,"PAK","Pakistan","","","",""
"JE",2011,3,"PAK","Pakistan","","","",""
"JE",2012,3,"PAK","Pakistan","","","",""
"JE",2013,3,"PAK","Pakistan","","","",""
"JE",2014,3,"PAK","Pakistan","","","",""
"JE",2015,3,"PAK","Pakistan","","","",""
"JE",2016,3,"PAK","Pakistan","","","",""
"JE",2017,3,"PAK","Pakistan","","","",""
"JE",2018,3,"PAK","Pakistan","","","",""
"JE",2019,3,"PAK","Pakistan","","","",""
"JE",2020,3,"PAK","Pakistan","","","",""
"JE",2021,3,"PAK","Pakistan","","","",""
"JE",2022,3,"PAK","Pakistan","","","",""
"JE",2023,3,"PAK","Pakistan","","","",""
"JE",2024,3,"PAK","Pakistan","","","",""
"JE",2025,3,"PAK","Pakistan","","","",""
"JE",2026,3,"PAK","Pakistan","","","",""
"JE",2027,3,"PAK","Pakistan","","","",""
"JE",2028,3,"PAK","Pakistan","","","",""
"JE",2029,3,"PAK","Pakistan","","","",""
"JE",2030,3,"PAK","Pakistan","","","",""
"JE",2031,3,"PAK","Pakistan","","","",""
"JE",2032,3,"PAK","Pakistan","","","",""
"JE",2033,3,"PAK","Pakistan","","","",""
"JE",2034,3,"PAK","Pakistan","","","",""
"JE",2035,3,"PAK","Pakistan","","","",""
"JE",2036,3,"PAK","Pakistan","","","",""
"JE",2037,3,"PAK","Pakistan","","","",""
"JE",2038,3,"PAK","Pakistan","","","",""
"JE",2039,3,"PAK","Pakistan","","","",""
"JE",2040,3,"PAK","Pakistan","","","",""
"JE",2041,3,"PAK","Pakistan","","","",""
"JE",2042,3,"PAK","Pakistan","","","",""
"JE",2043,3,"PAK","Pakistan","","","",""
"JE",2044,3,"PAK","Pakistan","","","",""
"JE",2000,4,"PAK","Pakistan","","","",""
"JE",2001,4,"PAK","Pakistan","","","",""
"JE",2002,4,"PAK","Pakistan","","","",""
"JE",2003,4,"PAK","Pakistan","","","",""
"JE",2004,4,"PAK","Pakistan","","","",""
"JE",2005,4,"PAK","Pakistan","","","",""
"JE",2006,4,"PAK","Pakistan","","","",""
"JE",2007,4,"PAK","Pakistan","","","",""
"JE",2008,4,"PAK","Pakistan","","","",""
"JE",2009,4,"PAK","Pakistan","","","",""
"JE",2010,4,"PAK","Pakistan","","","",""
"JE",2011,4,"PAK","Pakistan","","","",""
"JE",2012,4,"PAK","Pakistan","","","",""
"JE",2013,4,"PAK","Pakistan","","","",""
"JE",2014,4,"PAK","Pakistan","","","",""
"JE",2015,4,"PAK","Pakistan","","","",""
"JE",2016,4,"PAK","Pakistan","","","",""
"JE",2017,4,"PAK","Pakistan","","","",""
"JE",2018,4,"PAK","Pakistan","","","",""
"JE",2019,4,"PAK","Pakistan","","","",""
"JE",2020,4,"PAK","Pakistan","","","",""
"JE",2021,4,"PAK","Pakistan","","","",""
"JE",2022,4,"PAK","Pakistan","","","",""
"JE",2023,4,"PAK","Pakistan","","","",""
"JE",2024,4,"PAK","Pakistan","","","",""
"JE",2025,4,"PAK","Pakistan","","","",""
"JE",2026,4,"PAK","Pakistan","","","",""
"JE",2027,4,"PAK","Pakistan","","","",""
"JE",2028,4,"PAK","Pakistan","","","",""
"JE",2029,4,"PAK","Pakistan","","","",""
"JE",2030,4,"PAK","Pakistan","","","",""
"JE",2031,4,"PAK","Pakistan","","","",""
"JE",2032,4,"PAK","Pakistan","","","",""
"JE",2033,4,"PAK","Pakistan","","","",""
"JE",2034,4,"PAK","Pakistan","","","",""
"JE",2035,4,"PAK","Pakistan","","","",""
"JE",2036,4,"PAK","Pakistan","","","",""
"JE",2037,4,"PAK","Pakistan","","","",""
"JE",2038,4,"PAK","Pakistan","","","",""
"JE",2039,4,"PAK","Pakistan","","","",""
"JE",2040,4,"PAK","Pakistan","","","",""
"JE",2041,4,"PAK","Pakistan","","","",""
"JE",2042,4,"PAK","Pakistan","","","",""
"JE",2043,4,"PAK","Pakistan","","","",""
"JE",2044,4,"PAK","Pakistan","","","",""
"JE",2000,5,"PAK","Pakistan","","","",""
"JE",2001,5,"PAK","Pakistan","","","",""
"JE",2002,5,"PAK","Pakistan","","","",""
"JE",2003,5,"PAK","Pakistan","","","",""
"JE",2004,5,"PAK","Pakistan","","","",""
"JE",2005,5,"PAK","Pakistan","","","",""
"JE",2006,5,"PAK","Pakistan","","","",""
"JE",2007,5,"PAK","Pakistan","","","",""
"JE",2008,5,"PAK","Pakistan","","","",""
"JE",2009,5,"PAK","Pakistan","","","",""
"JE",2010,5,"PAK","Pakistan","","","",""
"JE",2011,5,"PAK","Pakistan","","","",""
"JE",2012,5,"PAK","Pakistan","","","",""
"JE",2013,5,"PAK","Pakistan","","","",""
"JE",2014,5,"PAK","Pakistan","","","",""
"JE",2015,5,"PAK","Pakistan","","","",""
"JE",2016,5,"PAK","Pakistan","","","",""
"JE",2017,5,"PAK","Pakistan","","","",""
"JE",2018,5,"PAK","Pakistan","","","",""
"JE",2019,5,"PAK","Pakistan","","","",""
"JE",2020,5,"PAK","Pakistan","","","",""
"JE",2021,5,"PAK","Pakistan","","","",""
"JE",2022,5,"PAK","Pakistan","","","",""
"JE",2023,5,"PAK","Pakistan","","","",""
"JE",2024,5,"PAK","Pakistan","","","",""
"JE",2025,5,"PAK","Pakistan","","","",""
"JE",2026,5,"PAK","Pakistan","","","",""
"JE",2027,5,"PAK","Pakistan","","","",""
"JE",2028,5,"PAK","Pakistan","","","",""
"JE",2029,5,"PAK","Pakistan","","","",""
"JE",2030,5,"PAK","Pakistan","","","",""
"JE",2031,5,"PAK","Pakistan","","","",""
"JE",2032,5,"PAK","Pakistan","","","",""
"JE",2033,5,"PAK","Pakistan","","","",""
"JE",2034,5,"PAK","Pakistan","","","",""
"JE",2035,5,"PAK","Pakistan","","","",""
"JE",2036,5,"PAK","Pakistan","","","",""
"JE",2037,5,"PAK","Pakistan","","","",""
"JE",2038,5,"PAK","Pakistan","","","",""
"JE",2039,5,"PAK","Pakistan","","","",""
"JE",2040,5,"PAK","Pakistan","","","",""
"JE",2041,5,"PAK","Pakistan","","","",""
"JE",2042,5,"PAK","Pakistan","","","",""
"JE",2043,5,"PAK","Pakistan","","","",""
"JE",2044,5,"PAK","Pakistan","","","",""
"JE",2000,6,"PAK","Pakistan","","","",""
"JE",2001,6,"PAK","Pakistan","","","",""
"JE",2002,6,"PAK","Pakistan","","","",""
"JE",2003,6,"PAK","Pakistan","","","",""
"JE",2004,6,"PAK","Pakistan","","","",""
"JE",2005,6,"PAK","Pakistan","","","",""
"JE",2006,6,"PAK","Pakistan","","","",""
"JE",2007,6,"PAK","Pakistan","","","",""
"JE",2008,6,"PAK","Pakistan","","","",""
"JE",2009,6,"PAK","Pakistan","","","",""
"JE",2010,6,"PAK","Pakistan","","","",""
"JE",2011,6,"PAK","Pakistan","","","",""
"JE",2012,6,"PAK","Pakistan","","","",""
"JE",2013,6,"PAK","Pakistan","","","",""
"JE",2014,6,"PAK","Pakistan","","","",""
"JE",2015,6,"PAK","Pakistan","","","",""
"JE",2016,6,"PAK","Pakistan","","","",""
"JE",2017,6,"PAK","Pakistan","","","",""
"JE",2018,6,"PAK","Pakistan","","","",""
"JE",2019,6,"PAK","Pakistan","","","",""
"JE",2020,6,"PAK","Pakistan","","","",""
"JE",2021,6,"PAK","Pakistan","","","",""
"JE",2022,6,"PAK","Pakistan","","","",""
"JE",2023,6,"PAK","Pakistan","","","",""
"JE",2024,6,"PAK","Pakistan","","","",""
"JE",2025,6,"PAK","Pakistan","","","",""
"JE",2026,6,"PAK","Pakistan","","","",""
"JE",2027,6,"PAK","Pakistan","","","",""
"JE",2028,6,"PAK","Pakistan","","","",""
"JE",2029,6,"PAK","Pakistan","","","",""
"JE",2030,6,"PAK","Pakistan","","","",""
"JE",2031,6,"PAK","Pakistan","","","",""
"JE",2032,6,"PAK","Pakistan","","","",""
"JE",2033,6,"PAK","Pakistan","","","",""
"JE",2034,6,"PAK","Pakistan","","","",""
"JE",2035,6,"PAK","Pakistan","","","",""
"JE",2036,6,"PAK","Pakistan","","","",""
"JE",2037,6,"PAK","Pakistan","","","",""
"JE",2038,6,"PAK","Pakistan","","","",""
"JE",2039,6,"PAK","Pakistan","","","",""
"JE",2040,6,"PAK","Pakistan","","","",""
"JE",2041,6,"PAK","Pakistan","","","",""
"JE",2042,6,"PAK","Pakistan","","","",""
"JE",2043,6,"PAK","Pakistan","","","",""
"JE",2044,6,"PAK","Pakistan","","","",""
"JE",2000,7,"PAK","Pakistan","","","",""
"JE",2001,7,"PAK","Pakistan","","","",""
"JE",2002,7,"PAK","Pakistan","","","",""
"JE",2003,7,"PAK","Pakistan","","","",""
"JE",2004,7,"PAK","Pakistan","","","",""
"JE",2005,7,"PAK","Pakistan","","","",""
"JE",2006,7,"PAK","Pakistan","","","",""
"JE",2007,7,"PAK","Pakistan","","","",""
"JE",2008,7,"PAK","Pakistan","","","",""
"JE",2009,7,"PAK","Pakistan","","","",""
"JE",2010,7,"PAK","Pakistan","","","",""
"JE",2011,7,"PAK","Pakistan","","","",""
"JE",2012,7,"PAK","Pakistan","","","",""
"JE",2013,7,"PAK","Pakistan","","","",""
"JE",2014,7,"PAK","Pakistan","","","",""
"JE",2015,7,"PAK","Pakistan","","","",""
"JE",2016,7,"PAK","Pakistan","","","",""
"JE",2017,7,"PAK","Pakistan","","","",""
"JE",2018,7,"PAK","Pakistan","","","",""
"JE",2019,7,"PAK","Pakistan","","","",""
"JE",2020,7,"PAK","Pakistan","","","",""
"JE",2021,7,"PAK","Pakistan","","","",""
"JE",2022,7,"PAK","Pakistan","","","",""
"JE",2023,7,"PAK","Pakistan","","","",""
"JE",2024,7,"PAK","Pakistan","","","",""
"JE",2025,7,"PAK","Pakistan","","","",""
"JE",2026,7,"PAK","Pakistan","","","",""
"JE",2027,7,"PAK","Pakistan","","","",""
"JE",2028,7,"PAK","Pakistan","","","",""
"JE",2029,7,"PAK","Pakistan","","","",""
"JE",2030,7,"PAK","Pakistan","","","",""
"JE",2031,7,"PAK","Pakistan","","","",""
"JE",2032,7,"PAK","Pakistan","","","",""
"JE",2033,7,"PAK","Pakistan","","","",""
"JE",2034,7,"PAK","Pakistan","","","",""
"JE",2035,7,"PAK","Pakistan","","","",""
"JE",2036,7,"PAK","Pakistan","","","",""
"JE",2037,7,"PAK","Pakistan","","","",""
"JE",2038,7,"PAK","Pakistan","","","",""
"JE",2039,7,"PAK","Pakistan","","","",""
"JE",2040,7,"PAK","Pakistan","","","",""
"JE",2041,7,"PAK","Pakistan","","","",""
"JE",2042,7,"PAK","Pakistan","","","",""
"JE",2043,7,"PAK","Pakistan","","","",""
"JE",2044,7,"PAK","Pakistan","","","",""
"JE",2000,8,"PAK","Pakistan","","","",""
"JE",2001,8,"PAK","Pakistan","","","",""
"JE",2002,8,"PAK","Pakistan","","","",""
"JE",2003,8,"PAK","Pakistan","","","",""
"JE",2004,8,"PAK","Pakistan","","","",""
"JE",2005,8,"PAK","Pakistan","","","",""
"JE",2006,8,"PAK","Pakistan","","","",""
"JE",2007,8,"PAK","Pakistan","","","",""
"JE",2008,8,"PAK","Pakistan","","","",""
"JE",2009,8,"PAK","Pakistan","","","",""
"JE",2010,8,"PAK","Pakistan","","","",""
"JE",2011,8,"PAK","Pakistan","","","",""
"JE",2012,8,"PAK","Pakistan","","","",""
"JE",2013,8,"PAK","Pakistan","","","",""
"JE",2014,8,"PAK","Pakistan","","","",""
"JE",2015,8,"PAK","Pakistan","","","",""
"JE",2016,8,"PAK","Pakistan","","","",""
"JE",2017,8,"PAK","Pakistan","","","",""
"JE",2018,8,"PAK","Pakistan","","","",""
"JE",2019,8,"PAK","Pakistan","","","",""
"JE",2020,8,"PAK","Pakistan","","","",""
"JE",2021,8,"PAK","Pakistan","","","",""
"JE",2022,8,"PAK","Pakistan","","","",""
"JE",2023,8,"PAK","Pakistan","","","",""
"JE",2024,8,"PAK","Pakistan","","","",""
"JE",2025,8,"PAK","Pakistan","","","",""
"JE",2026,8,"PAK","Pakistan","","","",""
"JE",2027,8,"PAK","Pakistan","","","",""
"JE",2028,8,"PAK","Pakistan","","","",""
"JE",2029,8,"PAK","Pakistan","","","",""
"JE",2030,8,"PAK","Pakistan","","","",""
"JE",2031,8,"PAK","Pakistan","","","",""
"JE",2032,8,"PAK","Pakistan","","","",""
"JE",2033,8,"PAK","Pakistan","","","",""
"JE",2034,8,"PAK","Pakistan","","","",""
"JE",2035,8,"PAK","Pakistan","","","",""
"JE",2036,8,"PAK","Pakistan","","","",""
"JE",2037,8,"PAK","Pakistan","","","",""
"JE",2038,8,"PAK","Pakistan","","","",""
"JE",2039,8,"PAK","Pakistan","","","",""
"JE",2040,8,"PAK","Pakistan","","","",""
"JE",2041,8,"PAK","Pakistan","","","",""
"JE",2042,8,"PAK","Pakistan","","","",""
"JE",2043,8,"PAK","Pakistan","","","",""
"JE",2044,8,"PAK","Pakistan","","","",""
"JE",2000,9,"PAK","Pakistan","","","",""
"JE",2001,9,"PAK","Pakistan","","","",""
"JE",2002,9,"PAK","Pakistan","","","",""
"JE",2003,9,"PAK","Pakistan","","","",""
"JE",2004,9,"PAK","Pakistan","","","",""
"JE",2005,9,"PAK","Pakistan","","","",""
"JE",2006,9,"PAK","Pakistan","","","",""
"JE",2007,9,"PAK","Pakistan","","","",""
"JE",2008,9,"PAK","Pakistan","","","",""
"JE",2009,9,"PAK","Pakistan","","","",""
"JE",2010,9,"PAK","Pakistan","","","",""
"JE",2011,9,"PAK","Pakistan","","","",""
"JE",2012,9,"PAK","Pakistan","","","",""
"JE",2013,9,"PAK","Pakistan","","","",""
"JE",2014,9,"PAK","Pakistan","","","",""
"JE",2015,9,"PAK","Pakistan","","","",""
"JE",2016,9,"PAK","Pakistan","","","",""
"JE",2017,9,"PAK","Pakistan","","","",""
"JE",2018,9,"PAK","Pakistan","","","",""
"JE",2019,9,"PAK","Pakistan","","","",""
"JE",2020,9,"PAK","Pakistan","","","",""
"JE",2021,9,"PAK","Pakistan","","","",""
"JE",2022,9,"PAK","Pakistan","","","",""
"JE",2023,9,"PAK","Pakistan","","","",""
"JE",2024,9,"PAK","Pakistan","","","",""
"JE",2025,9,"PAK","Pakistan","","","",""
"JE",2026,9,"PAK","Pakistan","","","",""
"JE",2027,9,"PAK","Pakistan","","","",""
"JE",2028,9,"PAK","Pakistan","","","",""
"JE",2029,9,"PAK","Pakistan","","","",""
"JE",2030,9,"PAK","Pakistan","","","",""
"JE",2031,9,"PAK","Pakistan","","","",""
"JE",2032,9,"PAK","Pakistan","","","",""
"JE",2033,9,"PAK","Pakistan","","","",""
"JE",2034,9,"PAK","Pakistan","","","",""
"JE",2035,9,"PAK","Pakistan","","","",""
"JE",2036,9,"PAK","Pakistan","","","",""
"JE",2037,9,"PAK","Pakistan","","","",""
"JE",2038,9,"PAK","Pakistan","","","",""
"JE",2039,9,"PAK","Pakistan","","","",""
"JE",2040,9,"PAK","Pakistan","","","",""
"JE",2041,9,"PAK","Pakistan","","","",""
"JE",2042,9,"PAK","Pakistan","","","",""
"JE",2043,9,"PAK","Pakistan","","","",""
"JE",2044,9,"PAK","Pakistan","","","",""
"JE",2000,10,"PAK","Pakistan","","","",""
"JE",2001,10,"PAK","Pakistan","","","",""
"JE",2002,10,"PAK","Pakistan","","","",""
"JE",2003,10,"PAK","Pakistan","","","",""
"JE",2004,10,"PAK","Pakistan","","","",""
"JE",2005,10,"PAK","Pakistan","","","",""
"JE",2006,10,"PAK","Pakistan","","","",""
"JE",2007,10,"PAK","Pakistan","","","",""
"JE",2008,10,"PAK","Pakistan","","","",""
"JE",2009,10,"PAK","Pakistan","","","",""
"JE",2010,10,"PAK","Pakistan","","","",""
"JE",2011,10,"PAK","Pakistan","","","",""
"JE",2012,10,"PAK","Pakistan","","","",""
"JE",2013,10,"PAK","Pakistan","","","",""
"JE",2014,10,"PAK","Pakistan","","","",""
"JE",2015,10,"PAK","Pakistan","","","",""
"JE",2016,10,"PAK","Pakistan","","","",""
"JE",2017,10,"PAK","Pakistan","","","",""
"JE",2018,10,"PAK","Pakistan","","","",""
"JE",2019,10,"PAK","Pakistan","","","",""
"JE",2020,10,"PAK","Pakistan","","","",""
"JE",2021,10,"PAK","Pakistan","","","",""
"JE",2022,10,"PAK","Pakistan","","","",""
"JE",2023,10,"PAK","Pakistan","","","",""
"JE",2024,10,"PAK","Pakistan","","","",""
"JE",2025,10,"PAK","Pakistan","","","",""
"JE",2026,10,"PAK","Pakistan","","","",""
"JE",2027,10,"PAK","Pakistan","","","",""
"JE",2028,10,"PAK","Pakistan","","","",""
"JE",2029,10,"PAK","Pakistan","","","",""
"JE",2030,10,"PAK","Pakistan","","","",""
"JE",2031,10,"PAK","Pakistan","","","",""
"JE",2032,10,"PAK","Pakistan","","","",""
"JE",2033,10,"PAK","Pakistan","","","",""
"JE",2034,10,"PAK","Pakistan","","","",""
"JE",2035,10,"PAK","Pakistan","","","",""
"JE",2036,10,"PAK","Pakistan","","","",""
"JE",2037,10,"PAK","Pakistan","","","",""
"JE",2038,10,"PAK","Pakistan","","","",""
"JE",2039,10,"PAK","Pakistan","","","",""
"JE",2040,10,"PAK","Pakistan","","","",""
"JE",2041,10,"PAK","Pakistan","","","",""
"JE",2042,10,"PAK","Pakistan","","","",""
"JE",2043,10,"PAK","Pakistan","","","",""
"JE",2044,10,"PAK","Pakistan","","","",""
"JE",2000,11,"PAK","Pakistan","","","",""
"JE",2001,11,"PAK","Pakistan","","","",""
"JE",2002,11,"PAK","Pakistan","","","",""
"JE",2003,11,"PAK","Pakistan","","","",""
"JE",2004,11,"PAK","Pakistan","","","",""
"JE",2005,11,"PAK","Pakistan","","","",""
"JE",2006,11,"PAK","Pakistan","","","",""
"JE",2007,11,"PAK","Pakistan","","","",""
"JE",2008,11,"PAK","Pakistan","","","",""
"JE",2009,11,"PAK","Pakistan","","","",""
"JE",2010,11,"PAK","Pakistan","","","",""
"JE",2011,11,"PAK","Pakistan","","","",""
"JE",2012,11,"PAK","Pakistan","","","",""
"JE",2013,11,"PAK","Pakistan","","","",""
"JE",2014,11,"PAK","Pakistan","","","",""
"JE",2015,11,"PAK","Pakistan","","","",""
"JE",2016,11,"PAK","Pakistan","","","",""
"JE",2017,11,"PAK","Pakistan","","","",""
"JE",2018,11,"PAK","Pakistan","","","",""
"JE",2019,11,"PAK","Pakistan","","","",""
"JE",2020,11,"PAK","Pakistan","","","",""
"JE",2021,11,"PAK","Pakistan","","","",""
"JE",2022,11,"PAK","Pakistan","","","",""
"JE",2023,11,"PAK","Pakistan","","","",""
"JE",2024,11,"PAK","Pakistan","","","",""
"JE",2025,11,"PAK","Pakistan","","","",""
"JE",2026,11,"PAK","Pakistan","","","",""
"JE",2027,11,"PAK","Pakistan","","","",""
"JE",2028,11,"PAK","Pakistan","","","",""
"JE",2029,11,"PAK","Pakistan","","","",""
"JE",2030,11,"PAK","Pakistan","","","",""
"JE",2031,11,"PAK","Pakistan","","","",""
"JE",2032,11,"PAK","Pakistan","","","",""
"JE",2033,11,"PAK","Pakistan","","","",""
"JE",2034,11,"PAK","Pakistan","","","",""
"JE",2035,11,"PAK","Pakistan","","","",""
"JE",2036,11,"PAK","Pakistan","","","",""
"JE",2037,11,"PAK","Pakistan","","","",""
"JE",2038,11,"PAK","Pakistan","","","",""
"JE",2039,11,"PAK","Pakistan","","","",""
"JE",2040,11,"PAK","Pakistan","","","",""
"JE",2041,11,"PAK","Pakistan","","","",""
"JE",2042,11,"PAK","Pakistan","","","",""
"JE",2043,11,"PAK","Pakistan","","","",""
"JE",2044,11,"PAK","Pakistan","","","",""
"JE",2000,12,"PAK","Pakistan","","","",""
"JE",2001,12,"PAK","Pakistan","","","",""
"JE",2002,12,"PAK","Pakistan","","","",""
"JE",2003,12,"PAK","Pakistan","","","",""
"JE",2004,12,"PAK","Pakistan","","","",""
"JE",2005,12,"PAK","Pakistan","","","",""
"JE",2006,12,"PAK","Pakistan","","","",""
"JE",2007,12,"PAK","Pakistan","","","",""
"JE",2008,12,"PAK","Pakistan","","","",""
"JE",2009,12,"PAK","Pakistan","","","",""
"JE",2010,12,"PAK","Pakistan","","","",""
"JE",2011,12,"PAK","Pakistan","","","",""
"JE",2012,12,"PAK","Pakistan","","","",""
"JE",2013,12,"PAK","Pakistan","","","",""
"JE",2014,12,"PAK","Pakistan","","","",""
"JE",2015,12,"PAK","Pakistan","","","",""
"JE",2016,12,"PAK","Pakistan","","","",""
"JE",2017,12,"PAK","Pakistan","","","",""
"JE",2018,12,"PAK","Pakistan","","","",""
"JE",2019,12,"PAK","Pakistan","","","",""
"JE",2020,12,"PAK","Pakistan","","","",""
"JE",2021,12,"PAK","Pakistan","","","",""
"JE",2022,12,"PAK","Pakistan","","","",""
"JE",2023,12,"PAK","Pakistan","","","",""
"JE",2024,12,"PAK","Pakistan","","","",""
"JE",2025,12,"PAK","Pakistan","","","",""
"JE",2026,12,"PAK","Pakistan","","","",""
"JE",2027,12,"PAK","Pakistan","","","",""
"JE",2028,12,"PAK","Pakistan","","","",""
"JE",2029,12,"PAK","Pakistan","","","",""
"JE",2030,12,"PAK","Pakistan","","","",""
"JE",2031,12,"PAK","Pakistan","","","",""
"JE",2032,12,"PAK","Pakistan","","","",""
"JE",2033,12,"PAK","Pakistan","","","",""
"JE",2034,12,"PAK","Pakistan","","","",""
"JE",2035,12,"PAK","Pakistan","","","",""
"JE",2036,12,"PAK","Pakistan","","","",""
"JE",2037,12,"PAK","Pakistan","","","",""
"JE",2038,12,"PAK","Pakistan","","","",""
"JE",2039,12,"PAK","Pakistan","","","",""
"JE",2040,12,"PAK","Pakistan","","","",""
"JE",2041,12,"PAK","Pakistan","","","",""
"JE",2042,12,"PAK","Pakistan","","","",""
"JE",2043,12,"PAK","Pakistan","","","",""
"JE",2044,12,"PAK","Pakistan","","","",""
"JE",2000,13,"PAK","Pakistan","","","",""
"JE",2001,13,"PAK","Pakistan","","","",""
"JE",2002,13,"PAK","Pakistan","","","",""
"JE",2003,13,"PAK","Pakistan","","","",""
"JE",2004,13,"PAK","Pakistan","","","",""
"JE",2005,13,"PAK","Pakistan","","","",""
"JE",2006,13,"PAK","Pakistan","","","",""
"JE",2007,13,"PAK","Pakistan","","","",""
"JE",2008,13,"PAK","Pakistan","","","",""
"JE",2009,13,"PAK","Pakistan","","","",""
"JE",2010,13,"PAK","Pakistan","","","",""
"JE",2011,13,"PAK","Pakistan","","","",""
"JE",2012,13,"PAK","Pakistan","","","",""
"JE",2013,13,"PAK","Pakistan","","","",""
"JE",2014,13,"PAK","Pakistan","","","",""
"JE",2015,13,"PAK","Pakistan","","","",""
"JE",2016,13,"PAK","Pakistan","","","",""
"JE",2017,13,"PAK","Pakistan","","","",""
"JE",2018,13,"PAK","Pakistan","","","",""
"JE",2019,13,"PAK","Pakistan","","","",""
"JE",2020,13,"PAK","Pakistan","","","",""
"JE",2021,13,"PAK","Pakistan","","","",""
"JE",2022,13,"PAK","Pakistan","","","",""
"JE",2023,13,"PAK","Pakistan","","","",""
"JE",2024,13,"PAK","Pakistan","","","",""
"JE",2025,13,"PAK","Pakistan","","","",""
"JE",2026,13,"PAK","Pakistan","","","",""
"JE",2027,13,"PAK","Pakistan","","","",""
"JE",2028,13,"PAK","Pakistan","","","",""
"JE",2029,13,"PAK","Pakistan","","","",""
"JE",2030,13,"PAK","Pakistan","","","",""
"JE",2031,13,"PAK","Pakistan","","","",""
"JE",2032,13,"PAK","Pakistan","","","",""
"JE",2033,13,"PAK","Pakistan","","","",""
"JE",2034,13,"PAK","Pakistan","","","",""
"JE",2035,13,"PAK","Pakistan","","","",""
"JE",2036,13,"PAK","Pakistan","","","",""
"JE",2037,13,"PAK","Pakistan","","","",""
"JE",2038,13,"PAK","Pakistan","","","",""
"JE",2039,13,"PAK","Pakistan","","","",""
"JE",2040,13,"PAK","Pakistan","","","",""
"JE",2041,13,"PAK","Pakistan","","","",""
"JE",2042,13,"PAK","Pakistan","","","",""
"JE",2043,13,"PAK","Pakistan","","","",""
"JE",2044,13,"PAK","Pakistan","","","",""
"JE",2000,14,"PAK","Pakistan","","","",""
"JE",2001,14,"PAK","Pakistan","","","",""
"JE",2002,14,"PAK","Pakistan","","","",""
"JE",2003,14,"PAK","Pakistan","","","",""
"JE",2004,14,"PAK","Pakistan","","","",""
"JE",2005,14,"PAK","Pakistan","","","",""
"JE",2006,14,"PAK","Pakistan","","","",""
"JE",2007,14,"PAK","Pakistan","","","",""
"JE",2008,14,"PAK","Pakistan","","","",""
"JE",2009,14,"PAK","Pakistan","","","",""
"JE",2010,14,"PAK","Pakistan","","","",""
"JE",2011,14,"PAK","Pakistan","","","",""
"JE",2012,14,"PAK","Pakistan","","","",""
"JE",2013,14,"PAK","Pakistan","","","",""
"JE",2014,14,"PAK","Pakistan","","","",""
"JE",2015,14,"PAK","Pakistan","","","",""
"JE",2016,14,"PAK","Pakistan","","","",""
"JE",2017,14,"PAK","Pakistan","","","",""
"JE",2018,14,"PAK","Pakistan","","","",""
"JE",2019,14,"PAK","Pakistan","","","",""
"JE",2020,14,"PAK","Pakistan","","","",""
"JE",2021,14,"PAK","Pakistan","","","",""
"JE",2022,14,"PAK","Pakistan","","","",""
"JE",2023,14,"PAK","Pakistan","","","",""
"JE",2024,14,"PAK","Pakistan","","","",""
"JE",2025,14,"PAK","Pakistan","","","",""
"JE",2026,14,"PAK","Pakistan","","","",""
"JE",2027,14,"PAK","Pakistan","","","",""
"JE",2028,14,"PAK","Pakistan","","","",""
"JE",2029,14,"PAK","Pakistan","","","",""
"JE",2030,14,"PAK","Pakistan","","","",""
"JE",2031,14,"PAK","Pakistan","","","",""
"JE",2032,14,"PAK","Pakistan","","","",""
"JE",2033,14,"PAK","Pakistan","","","",""
"JE",2034,14,"PAK","Pakistan","","","",""
"JE",2035,14,"PAK","Pakistan","","","",""
"JE",2036,14,"PAK","Pakistan","","","",""
"JE",2037,14,"PAK","Pakistan","","","",""
"JE",2038,14,"PAK","Pakistan","","","",""
"JE",2039,14,"PAK","Pakistan","","","",""
"JE",2040,14,"PAK","Pakistan","","","",""
"JE",2041,14,"PAK","Pakistan","","","",""
"JE",2042,14,"PAK","Pakistan","","","",""
"JE",2043,14,"PAK","Pakistan","","","",""
"JE",2044,14,"PAK","Pakistan","","","",""
"JE",2000,0,"IND","India","","","",""
"JE",2001,0,"IND","India","","","",""
"JE",2002,0,"IND","India","","","",""
"JE",2003,0,"IND","India","","","",""
"JE",2004,0,"IND","India","","","",""
"JE",2005,0,"IND","India","","","",""
"JE",2006,0,"IND","India","","","",""
"JE",2007,0,"IND","India","","","",""
"JE",2008,0,"IND","India","","","",""
"JE",2009,0,"IND","India","","","",""
"JE",2010,0,"IND","India","","","",""
"JE",2011,0,"IND","India","","","",""
"JE",2012,0,"IND","India","","","",""
"JE",2013,0,"IND","India","","","",""
"JE",2014,0,"IND","India","","","",""
"JE",2015,0,"IND","India","","","",""
"JE",2016,0,"IND","India","","","",""
"JE",2017,0,"IND","India","","","",""
"JE",2018,0,"IND","India","","","",""
"JE",2019,0,"IND","India","","","",""
"JE",2020,0,"IND","India","","","",""
"JE",2021,0,"IND","India","","","",""
"JE",2022,0,"IND","India","","","",""
"JE",2023,0,"IND","India","","","",""
"JE",2024,0,"IND","India","","","",""
"JE",2025,0,"IND","India","","","",""
"JE",2026,0,"IND","India","","","",""
"JE",2027,0,"IND","India","","","",""
"JE",2028,0,"IND","India","","","",""
"JE",2029,0,"IND","India","","","",""
"JE",2030,0,"IND","India","","","",""
"JE",2031,0,"IND","India","","","",""
"JE",2032,0,"IND","India","","","",""
"JE",2033,0,"IND","India","","","",""
"JE",2034,0,"IND","India","","","",""
"JE",2035,0,"IND","India","","","",""
"JE",2036,0,"IND","India","","","",""
"JE",2037,0,"IND","India","","","",""
"JE",2038,0,"IND","India","","","",""
"JE",2039,0,"IND","India","","","",""
"JE",2040,0,"IND","India","","","",""
"JE",2041,0,"IND","India","","","",""
"JE",2042,0,"IND","India","","","",""
"JE",2043,0,"IND","India","","","",""
"JE",2044,0,"IND","India","","","",""
"JE",2000,1,"IND","India","","","",""
"JE",2001,1,"IND","India","","","",""
"JE",2002,1,"IND","India","","","",""
"JE",2003,1,"IND","India","","","",""
"JE",2004,1,"IND","India","","","",""
"JE",2005,1,"IND","India","","","",""
"JE",2006,1,"IND","India","","","",""
"JE",2007,1,"IND","India","","","",""
"JE",2008,1,"IND","India","","","",""
"JE",2009,1,"IND","India","","","",""
"JE",2010,1,"IND","India","","","",""
"JE",2011,1,"IND","India","","","",""
"JE",2012,1,"IND","India","","","",""
"JE",2013,1,"IND","India","","","",""
"JE",2014,1,"IND","India","","","",""
"JE",2015,1,"IND","India","","","",""
"JE",2016,1,"IND","India","","","",""
"JE",2017,1,"IND","India","","","",""
"JE",2018,1,"IND","India","","","",""
"JE",2019,1,"IND","India","","","",""
"JE",2020,1,"IND","India","","","",""
"JE",2021,1,"IND","India","","","",""
"JE",2022,1,"IND","India","","","",""
"JE",2023,1,"IND","India","","","",""
"JE",2024,1,"IND","India","","","",""
"JE",2025,1,"IND","India","","","",""
"JE",2026,1,"IND","India","","","",""
"JE",2027,1,"IND","India","","","",""
"JE",2028,1,"IND","India","","","",""
"JE",2029,1,"IND","India","","","",""
"JE",2030,1,"IND","India","","","",""
"JE",2031,1,"IND","India","","","",""
"JE",2032,1,"IND","India","","","",""
"JE",2033,1,"IND","India","","","",""
"JE",2034,1,"IND","India","","","",""
"JE",2035,1,"IND","India","","","",""
"JE",2036,1,"IND","India","","","",""
"JE",2037,1,"IND","India","","","",""
"JE",2038,1,"IND","India","","","",""
"JE",2039,1,"IND","India","","","",""
"JE",2040,1,"IND","India","","","",""
"JE",2041,1,"IND","India","","","",""
"JE",2042,1,"IND","India","","","",""
"JE",2043,1,"IND","India","","","",""
"JE",2044,1,"IND","India","","","",""
"JE",2000,2,"IND","India","","","",""
"JE",2001,2,"IND","India","","","",""
"JE",2002,2,"IND","India","","","",""
"JE",2003,2,"IND","India","","","",""
"JE",2004,2,"IND","India","","","",""
"JE",2005,2,"IND","India","","","",""
"JE",2006,2,"IND","India","","","",""
"JE",2007,2,"IND","India","","","",""
"JE",2008,2,"IND","India","","","",""
"JE",2009,2,"IND","India","","","",""
"JE",2010,2,"IND","India","","","",""
"JE",2011,2,"IND","India","","","",""
"JE",2012,2,"IND","India","","","",""
"JE",2013,2,"IND","India","","","",""
"JE",2014,2,"IND","India","","","",""
"JE",2015,2,"IND","India","","","",""
"JE",2016,2,"IND","India","","","",""
"JE",2017,2,"IND","India","","","",""
"JE",2018,2,"IND","India","","","",""
"JE",2019,2,"IND","India","","","",""
"JE",2020,2,"IND","India","","","",""
"JE",2021,2,"IND","India","","","",""
"JE",2022,2,"IND","India","","","",""
"JE",2023,2,"IND","India","","","",""
"JE",2024,2,"IND","India","","","",""
"JE",2025,2,"IND","India","","","",""
"JE",2026,2,"IND","India","","","",""
"JE",2027,2,"IND","India","","","",""
"JE",2028,2,"IND","India","","","",""
"JE",2029,2,"IND","India","","","",""
"JE",2030,2,"IND","India","","","",""
"JE",2031,2,"IND","India","","","",""
"JE",2032,2,"IND","India","","","",""
"JE",2033,2,"IND","India","","","",""
"JE",2034,2,"IND","India","","","",""
"JE",2035,2,"IND","India","","","",""
"JE",2036,2,"IND","India","","","",""
"JE",2037,2,"IND","India","","","",""
"JE",2038,2,"IND","India","","","",""
"JE",2039,2,"IND","India","","","",""
"JE",2040,2,"IND","India","","","",""
"JE",2041,2,"IND","India","","","",""
"JE",2042,2,"IND","India","","","",""
"JE",2043,2,"IND","India","","","",""
"JE",2044,2,"IND","India","","","",""
"JE",2000,3,"IND","India","","","",""
"JE",2001,3,"IND","India","","","",""
"JE",2002,3,"IND","India","","","",""
"JE",2003,3,"IND","India","","","",""
"JE",2004,3,"IND","India","","","",""
"JE",2005,3,"IND","India","","","",""
"JE",2006,3,"IND","India","","","",""
"JE",2007,3,"IND","India","","","",""
"JE",2008,3,"IND","India","","","",""
"JE",2009,3,"IND","India","","","",""
"JE",2010,3,"IND","India","","","",""
"JE",2011,3,"IND","India","","","",""
"JE",2012,3,"IND","India","","","",""
"JE",2013,3,"IND","India","","","",""
"JE",2014,3,"IND","India","","","",""
"JE",2015,3,"IND","India","","","",""
"JE",2016,3,"IND","India","","","",""
"JE",2017,3,"IND","India","","","",""
"JE",2018,3,"IND","India","","","",""
"JE",2019,3,"IND","India","","","",""
"JE",2020,3,"IND","India","","","",""
"JE",2021,3,"IND","India","","","",""
"JE",2022,3,"IND","India","","","",""
"JE",2023,3,"IND","India","","","",""
"JE",2024,3,"IND","India","","","",""
"JE",2025,3,"IND","India","","","",""
"JE",2026,3,"IND","India","","","",""
"JE",2027,3,"IND","India","","","",""
"JE",2028,3,"IND","India","","","",""
"JE",2029,3,"IND","India","","","",""
"JE",2030,3,"IND","India","","","",""
"JE",2031,3,"IND","India","","","",""
"JE",2032,3,"IND","India","","","",""
"JE",2033,3,"IND","India","","","",""
"JE",2034,3,"IND","India","","","",""
"JE",2035,3,"IND","India","","","",""
"JE",2036,3,"IND","India","","","",""
"JE",2037,3,"IND","India","","","",""
"JE",2038,3,"IND","India","","","",""
"JE",2039,3,"IND","India","","","",""
"JE",2040,3,"IND","India","","","",""
"JE",2041,3,"IND","India","","","",""
"JE",2042,3,"IND","India","","","",""
"JE",2043,3,"IND","India","","","",""
"JE",2044,3,"IND","India","","","",""
"JE",2000,4,"IND","India","","","",""
"JE",2001,4,"IND","India","","","",""
"JE",2002,4,"IND","India","","","",""
"JE",2003,4,"IND","India","","","",""
"JE",2004,4,"IND","India","","","",""
"JE",2005,4,"IND","India","","","",""
"JE",2006,4,"IND","India","","","",""
"JE",2007,4,"IND","India","","","",""
"JE",2008,4,"IND","India","","","",""
"JE",2009,4,"IND","India","","","",""
"JE",2010,4,"IND","India","","","",""
"JE",2011,4,"IND","India","","","",""
"JE",2012,4,"IND","India","","","",""
"JE",2013,4,"IND","India","","","",""
"JE",2014,4,"IND","India","","","",""
"JE",2015,4,"IND","India","","","",""
"JE",2016,4,"IND","India","","","",""
"JE",2017,4,"IND","India","","","",""
"JE",2018,4,"IND","India","","","",""
"JE",2019,4,"IND","India","","","",""
"JE",2020,4,"IND","India","","","",""
"JE",2021,4,"IND","India","","","",""
"JE",2022,4,"IND","India","","","",""
"JE",2023,4,"IND","India","","","",""
"JE",2024,4,"IND","India","","","",""
"JE",2025,4,"IND","India","","","",""
"JE",2026,4,"IND","India","","","",""
"JE",2027,4,"IND","India","","","",""
"JE",2028,4,"IND","India","","","",""
"JE",2029,4,"IND","India","","","",""
"JE",2030,4,"IND","India","","","",""
"JE",2031,4,"IND","India","","","",""
"JE",2032,4,"IND","India","","","",""
"JE",2033,4,"IND","India","","","",""
"JE",2034,4,"IND","India","","","",""
"JE",2035,4,"IND","India","","","",""
"JE",2036,4,"IND","India","","","",""
"JE",2037,4,"IND","India","","","",""
"JE",2038,4,"IND","India","","","",""
"JE",2039,4,"IND","India","","","",""
"JE",2040,4,"IND","India","","","",""
"JE",2041,4,"IND","India","","","",""
"JE",2042,4,"IND","India","","","",""
"JE",2043,4,"IND","India","","","",""
"JE",2044,4,"IND","India","","","",""
"JE",2000,5,"IND","India","","","",""
"JE",2001,5,"IND","India","","","",""
"JE",2002,5,"IND","India","","","",""
"JE",2003,5,"IND","India","","","",""
"JE",2004,5,"IND","India","","","",""
"JE",2005,5,"IND","India","","","",""
"JE",2006,5,"IND","India","","","",""
"JE",2007,5,"IND","India","","","",""
"JE",2008,5,"IND","India","","","",""
"JE",2009,5,"IND","India","","","",""
"JE",2010,5,"IND","India","","","",""
"JE",2011,5,"IND","India","","","",""
"JE",2012,5,"IND","India","","","",""
"JE",2013,5,"IND","India","","","",""
"JE",2014,5,"IND","India","","","",""
"JE",2015,5,"IND","India","","","",""
"JE",2016,5,"IND","India","","","",""
"JE",2017,5,"IND","India","","","",""
"JE",2018,5,"IND","India","","","",""
"JE",2019,5,"IND","India","","","",""
"JE",2020,5,"IND","India","","","",""
"JE",2021,5,"IND","India","","","",""
"JE",2022,5,"IND","India","","","",""
"JE",2023,5,"IND","India","","","",""
"JE",2024,5,"IND","India","","","",""
"JE",2025,5,"IND","India","","","",""
"JE",2026,5,"IND","India","","","",""
"JE",2027,5,"IND","India","","","",""
"JE",2028,5,"IND","India","","","",""
"JE",2029,5,"IND","India","","","",""
"JE",2030,5,"IND","India","","","",""
"JE",2031,5,"IND","India","","","",""
"JE",2032,5,"IND","India","","","",""
"JE",2033,5,"IND","India","","","",""
"JE",2034,5,"IND","India","","","",""
"JE",2035,5,"IND","India","","","",""
"JE",2036,5,"IND","India","","","",""
"JE",2037,5,"IND","India","","","",""
"JE",2038,5,"IND","India","","","",""
"JE",2039,5,"IND","India","","","",""
"JE",2040,5,"IND","India","","","",""
"JE",2041,5,"IND","India","","","",""
"JE",2042,5,"IND","India","","","",""
"JE",2043,5,"IND","India","","","",""
"JE",2044,5,"IND","India","","","",""
"JE",2000,6,"IND","India","","","",""
"JE",2001,6,"IND","India","","","",""
"JE",2002,6,"IND","India","","","",""
"JE",2003,6,"IND","India","","","",""
"JE",2004,6,"IND","India","","","",""
"JE",2005,6,"IND","India","","","",""
"JE",2006,6,"IND","India","","","",""
"JE",2007,6,"IND","India","","","",""
"JE",2008,6,"IND","India","","","",""
"JE",2009,6,"IND","India","","","",""
"JE",2010,6,"IND","India","","","",""
"JE",2011,6,"IND","India","","","",""
"JE",2012,6,"IND","India","","","",""
"JE",2013,6,"IND","India","","","",""
"JE",2014,6,"IND","India","","","",""
"JE",2015,6,"IND","India","","","",""
"JE",2016,6,"IND","India","","","",""
"JE",2017,6,"IND","India","","","",""
"JE",2018,6,"IND","India","","","",""
"JE",2019,6,"IND","India","","","",""
"JE",2020,6,"IND","India","","","",""
"JE",2021,6,"IND","India","","","",""
"JE",2022,6,"IND","India","","","",""
"JE",2023,6,"IND","India","","","",""
"JE",2024,6,"IND","India","","","",""
"JE",2025,6,"IND","India","","","",""
"JE",2026,6,"IND","India","","","",""
"JE",2027,6,"IND","India","","","",""
"JE",2028,6,"IND","India","","","",""
"JE",2029,6,"IND","India","","","",""
"JE",2030,6,"IND","India","","","",""
"JE",2031,6,"IND","India","","","",""
"JE",2032,6,"IND","India","","","",""
"JE",2033,6,"IND","India","","","",""
"JE",2034,6,"IND","India","","","",""
"JE",2035,6,"IND","India","","","",""
"JE",2036,6,"IND","India","","","",""
"JE",2037,6,"IND","India","","","",""
"JE",2038,6,"IND","India","","","",""
"JE",2039,6,"IND","India","","","",""
"JE",2040,6,"IND","India","","","",""
"JE",2041,6,"IND","India","","","",""
"JE",2042,6,"IND","India","","","",""
"JE",2043,6,"IND","India","","","",""
"JE",2044,6,"IND","India","","","",""
"JE",2000,7,"IND","India","","","",""
"JE",2001,7,"IND","India","","","",""
"JE",2002,7,"IND","India","","","",""
"JE",2003,7,"IND","India","","","",""
"JE",2004,7,"IND","India","","","",""
"JE",2005,7,"IND","India","","","",""
"JE",2006,7,"IND","India","","","",""
"JE",2007,7,"IND","India","","","",""
"JE",2008,7,"IND","India","","","",""
"JE",2009,7,"IND","India","","","",""
"JE",2010,7,"IND","India","","","",""
"JE",2011,7,"IND","India","","","",""
"JE",2012,7,"IND","India","","","",""
"JE",2013,7,"IND","India","","","",""
"JE",2014,7,"IND","India","","","",""
"JE",2015,7,"IND","India","","","",""
"JE",2016,7,"IND","India","","","",""
"JE",2017,7,"IND","India","","","",""
"JE",2018,7,"IND","India","","","",""
"JE",2019,7,"IND","India","","","",""
"JE",2020,7,"IND","India","","","",""
"JE",2021,7,"IND","India","","","",""
"JE",2022,7,"IND","India","","","",""
"JE",2023,7,"IND","India","","","",""
"JE",2024,7,"IND","India","","","",""
"JE",2025,7,"IND","India","","","",""
"JE",2026,7,"IND","India","","","",""
"JE",2027,7,"IND","India","","","",""
"JE",2028,7,"IND","India","","","",""
"JE",2029,7,"IND","India","","","",""
"JE",2030,7,"IND","India","","","",""
"JE",2031,7,"IND","India","","","",""
"JE",2032,7,"IND","India","","","",""
"JE",2033,7,"IND","India","","","",""
"JE",2034,7,"IND","India","","","",""
"JE",2035,7,"IND","India","","","",""
"JE",2036,7,"IND","India","","","",""
"JE",2037,7,"IND","India","","","",""
"JE",2038,7,"IND","India","","","",""
"JE",2039,7,"IND","India","","","",""
"JE",2040,7,"IND","India","","","",""
"JE",2041,7,"IND","India","","","",""
"JE",2042,7,"IND","India","","","",""
"JE",2043,7,"IND","India","","","",""
"JE",2044,7,"IND","India","","","",""
"JE",2000,8,"IND","India","","","",""
"JE",2001,8,"IND","India","","","",""
"JE",2002,8,"IND","India","","","",""
"JE",2003,8,"IND","India","","","",""
"JE",2004,8,"IND","India","","","",""
"JE",2005,8,"IND","India","","","",""
"JE",2006,8,"IND","India","","","",""
"JE",2007,8,"IND","India","","","",""
"JE",2008,8,"IND","India","","","",""
"JE",2009,8,"IND","India","","","",""
"JE",2010,8,"IND","India","","","",""
"JE",2011,8,"IND","India","","","",""
"JE",2012,8,"IND","India","","","",""
"JE",2013,8,"IND","India","","","",""
"JE",2014,8,"IND","India","","","",""
"JE",2015,8,"IND","India","","","",""
"JE",2016,8,"IND","India","","","",""
"JE",2017,8,"IND","India","","","",""
"JE",2018,8,"IND","India","","","",""
"JE",2019,8,"IND","India","","","",""
"JE",2020,8,"IND","India","","","",""
"JE",2021,8,"IND","India","","","",""
"JE",2022,8,"IND","India","","","",""
"JE",2023,8,"IND","India","","","",""
"JE",2024,8,"IND","India","","","",""
"JE",2025,8,"IND","India","","","",""
"JE",2026,8,"IND","India","","","",""
"JE",2027,8,"IND","India","","","",""
"JE",2028,8,"IND","India","","","",""
"JE",2029,8,"IND","India","","","",""
"JE",2030,8,"IND","India","","","",""
"JE",2031,8,"IND","India","","","",""
"JE",2032,8,"IND","India","","","",""
"JE",2033,8,"IND","India","","","",""
"JE",2034,8,"IND","India","","","",""
"JE",2035,8,"IND","India","","","",""
"JE",2036,8,"IND","India","","","",""
"JE",2037,8,"IND","India","","","",""
"JE",2038,8,"IND","India","","","",""
"JE",2039,8,"IND","India","","","",""
"JE",2040,8,"IND","India","","","",""
"JE",2041,8,"IND","India","","","",""
"JE",2042,8,"IND","India","","","",""
"JE",2043,8,"IND","India","","","",""
"JE",2044,8,"IND","India","","","",""
"JE",2000,9,"IND","India","","","",""
"JE",2001,9,"IND","India","","","",""
"JE",2002,9,"IND","India","","","",""
"JE",2003,9,"IND","India","","","",""
"JE",2004,9,"IND","India","","","",""
"JE",2005,9,"IND","India","","","",""
"JE",2006,9,"IND","India","","","",""
"JE",2007,9,"IND","India","","","",""
"JE",2008,9,"IND","India","","","",""
"JE",2009,9,"IND","India","","","",""
"JE",2010,9,"IND","India","","","",""
"JE",2011,9,"IND","India","","","",""
"JE",2012,9,"IND","India","","","",""
"JE",2013,9,"IND","India","","","",""
"JE",2014,9,"IND","India","","","",""
"JE",2015,9,"IND","India","","","",""
"JE",2016,9,"IND","India","","","",""
"JE",2017,9,"IND","India","","","",""
"JE",2018,9,"IND","India","","","",""
"JE",2019,9,"IND","India","","","",""
"JE",2020,9,"IND","India","","","",""
"JE",2021,9,"IND","India","","","",""
"JE",2022,9,"IND","India","","","",""
"JE",2023,9,"IND","India","","","",""
"JE",2024,9,"IND","India","","","",""
"JE",2025,9,"IND","India","","","",""
"JE",2026,9,"IND","India","","","",""
"JE",2027,9,"IND","India","","","",""
"JE",2028,9,"IND","India","","","",""
"JE",2029,9,"IND","India","","","",""
"JE",2030,9,"IND","India","","","",""
"JE",2031,9,"IND","India","","","",""
"JE",2032,9,"IND","India","","","",""
"JE",2033,9,"IND","India","","","",""
"JE",2034,9,"IND","India","","","",""
"JE",2035,9,"IND","India","","","",""
"JE",2036,9,"IND","India","","","",""
"JE",2037,9,"IND","India","","","",""
"JE",2038,9,"IND","India","","","",""
"JE",2039,9,"IND","India","","","",""
"JE",2040,9,"IND","India","","","",""
"JE",2041,9,"IND","India","","","",""
"JE",2042,9,"IND","India","","","",""
"JE",2043,9,"IND","India","","","",""
"JE",2044,9,"IND","India","","","",""
"JE",2000,10,"IND","India","","","",""
"JE",2001,10,"IND","India","","","",""
"JE",2002,10,"IND","India","","","",""
"JE",2003,10,"IND","India","","","",""
"JE",2004,10,"IND","India","","","",""
"JE",2005,10,"IND","India","","","",""
"JE",2006,10,"IND","India","","","",""
"JE",2007,10,"IND","India","","","",""
"JE",2008,10,"IND","India","","","",""
"JE",2009,10,"IND","India","","","",""
"JE",2010,10,"IND","India","","","",""
"JE",2011,10,"IND","India","","","",""
"JE",2012,10,"IND","India","","","",""
"JE",2013,10,"IND","India","","","",""
"JE",2014,10,"IND","India","","","",""
"JE",2015,10,"IND","India","","","",""
"JE",2016,10,"IND","India","","","",""
"JE",2017,10,"IND","India","","","",""
"JE",2018,10,"IND","India","","","",""
"JE",2019,10,"IND","India","","","",""
"JE",2020,10,"IND","India","","","",""
"JE",2021,10,"IND","India","","","",""
"JE",2022,10,"IND","India","","","",""
"JE",2023,10,"IND","India","","","",""
"JE",2024,10,"IND","India","","","",""
"JE",2025,10,"IND","India","","","",""
"JE",2026,10,"IND","India","","","",""
"JE",2027,10,"IND","India","","","",""
"JE",2028,10,"IND","India","","","",""
"JE",2029,10,"IND","India","","","",""
"JE",2030,10,"IND","India","","","",""
"JE",2031,10,"IND","India","","","",""
"JE",2032,10,"IND","India","","","",""
"JE",2033,10,"IND","India","","","",""
"JE",2034,10,"IND","India","","","",""
"JE",2035,10,"IND","India","","","",""
"JE",2036,10,"IND","India","","","",""
"JE",2037,10,"IND","India","","","",""
"JE",2038,10,"IND","India","","","",""
"JE",2039,10,"IND","India","","","",""
"JE",2040,10,"IND","India","","","",""
"JE",2041,10,"IND","India","","","",""
"JE",2042,10,"IND","India","","","",""
"JE",2043,10,"IND","India","","","",""
"JE",2044,10,"IND","India","","","",""
"JE",2000,11,"IND","India","","","",""
"JE",2001,11,"IND","India","","","",""
"JE",2002,11,"IND","India","","","",""
"JE",2003,11,"IND","India","","","",""
"JE",2004,11,"IND","India","","","",""
"JE",2005,11,"IND","India","","","",""
"JE",2006,11,"IND","India","","","",""
"JE",2007,11,"IND","India","","","",""
"JE",2008,11,"IND","India","","","",""
"JE",2009,11,"IND","India","","","",""
"JE",2010,11,"IND","India","","","",""
"JE",2011,11,"IND","India","","","",""
"JE",2012,11,"IND","India","","","",""
"JE",2013,11,"IND","India","","","",""
"JE",2014,11,"IND","India","","","",""
"JE",2015,11,"IND","India","","","",""
"JE",2016,11,"IND","India","","","",""
"JE",2017,11,"IND","India","","","",""
"JE",2018,11,"IND","India","","","",""
"JE",2019,11,"IND","India","","","",""
"JE",2020,11,"IND","India","","","",""
"JE",2021,11,"IND","India","","","",""
"JE",2022,11,"IND","India","","","",""
"JE",2023,11,"IND","India","","","",""
"JE",2024,11,"IND","India","","","",""
"JE",2025,11,"IND","India","","","",""
"JE",2026,11,"IND","India","","","",""
"JE",2027,11,"IND","India","","","",""
"JE",2028,11,"IND","India","","","",""
"JE",2029,11,"IND","India","","","",""
"JE",2030,11,"IND","India","","","",""
"JE",2031,11,"IND","India","","","",""
"JE",2032,11,"IND","India","","","",""
"JE",2033,11,"IND","India","","","",""
"JE",2034,11,"IND","India","","","",""
"JE",2035,11,"IND","India","","","",""
"JE",2036,11,"IND","India","","","",""
"JE",2037,11,"IND","India","","","",""
"JE",2038,11,"IND","India","","","",""
"JE",2039,11,"IND","India","","","",""
"JE",2040,11,"IND","India","","","",""
"JE",2041,11,"IND","India","","","",""
"JE",2042,11,"IND","India","","","",""
"JE",2043,11,"IND","India","","","",""
"JE",2044,11,"IND","India","","","",""
"JE",2000,12,"IND","India","","","",""
"JE",2001,12,"IND","India","","","",""
"JE",2002,12,"IND","India","","","",""
"JE",2003,12,"IND","India","","","",""
"JE",2004,12,"IND","India","","","",""
"JE",2005,12,"IND","India","","","",""
"JE",2006,12,"IND","India","","","",""
"JE",2007,12,"IND","India","","","",""
"JE",2008,12,"IND","India","","","",""
"JE",2009,12,"IND","India","","","",""
"JE",2010,12,"IND","India","","","",""
"JE",2011,12,"IND","India","","","",""
"JE",2012,12,"IND","India","","","",""
"JE",2013,12,"IND","India","","","",""
"JE",2014,12,"IND","India","","","",""
"JE",2015,12,"IND","India","","","",""
"JE",2016,12,"IND","India","","","",""
"JE",2017,12,"IND","India","","","",""
"JE",2018,12,"IND","India","","","",""
"JE",2019,12,"IND","India","","","",""
"JE",2020,12,"IND","India","","","",""
"JE",2021,12,"IND","India","","","",""
"JE",2022,12,"IND","India","","","",""
"JE",2023,12,"IND","India","","","",""
"JE",2024,12,"IND","India","","","",""
"JE",2025,12,"IND","India","","","",""
"JE",2026,12,"IND","India","","","",""
"JE",2027,12,"IND","India","","","",""
"JE",2028,12,"IND","India","","","",""
"JE",2029,12,"IND","India","","","",""
"JE",2030,12,"IND","India","","","",""
"JE",2031,12,"IND","India","","","",""
"JE",2032,12,"IND","India","","","",""
"JE",2033,12,"IND","India","","","",""
"JE",2034,12,"IND","India","","","",""
"JE",2035,12,"IND","India","","","",""
"JE",2036,12,"IND","India","","","",""
"JE",2037,12,"IND","India","","","",""
"JE",2038,12,"IND","India","","","",""
"JE",2039,12,"IND","India","","","",""
"JE",2040,12,"IND","India","","","",""
"JE",2041,12,"IND","India","","","",""
"JE",2042,12,"IND","India","","","",""
"JE",2043,12,"IND","India","","","",""
"JE",2044,12,"IND","India","","","",""
"JE",2000,13,"IND","India","","","",""
"JE",2001,13,"IND","India","","","",""
"JE",2002,13,"IND","India","","","",""
"JE",2003,13,"IND","India","","","",""
"JE",2004,13,"IND","India","","","",""
"JE",2005,13,"IND","India","","","",""
"JE",2006,13,"IND","India","","","",""
"JE",2007,13,"IND","India","","","",""
"JE",2008,13,"IND","India","","","",""
"JE",2009,13,"IND","India","","","",""
"JE",2010,13,"IND","India","","","",""
"JE",2011,13,"IND","India","","","",""
"JE",2012,13,"IND","India","","","",""
"JE",2013,13,"IND","India","","","",""
"JE",2014,13,"IND","India","","","",""
"JE",2015,13,"IND","India","","","",""
"JE",2016,13,"IND","India","","","",""
"JE",2017,13,"IND","India","","","",""
"JE",2018,13,"IND","India","","","",""
"JE",2019,13,"IND","India","","","",""
"JE",2020,13,"IND","India","","","",""
"JE",2021,13,"IND","India","","","",""
"JE",2022,13,"IND","India","","","",""
"JE",2023,13,"IND","India","","","",""
"JE",2024,13,"IND","India","","","",""
"JE",2025,13,"IND","India","","","",""
"JE",2026,13,"IND","India","","","",""
"JE",2027,13,"IND","India","","","",""
"JE",2028,13,"IND","India","","","",""
"JE",2029,13,"IND","India","","","",""
"JE",2030,13,"IND","India","","","",""
"JE",2031,13,"IND","India","","","",""
"JE",2032,13,"IND","India","","","",""
"JE",2033,13,"IND","India","","","",""
"JE",2034,13,"IND","India","","","",""
"JE",2035,13,"IND","India","","","",""
"JE",2036,13,"IND","India","","","",""
"JE",2037,13,"IND","India","","","",""
"JE",2038,13,"IND","India","","","",""
"JE",2039,13,"IND","India","","","",""
"JE",2040,13,"IND","India","","","",""
"JE",2041,13,"IND","India","","","",""
"JE",2042,13,"IND","India","","","",""
"JE",2043,13,"IND","India","","","",""
"JE",2044,13,"IND","India","","","",""
"JE",2000,14,"IND","India","","","",""
"JE",2001,14,"IND","India","","","",""
"JE",2002,14,"IND","India","","","",""
"JE",2003,14,"IND","India","","","",""
"JE",2004,14,"IND","India","","","",""
"JE",2005,14,"IND","India","","","",""
"JE",2006,14,"IND","India","","","",""
"JE",2007,14,"IND","India","","","",""
"JE",2008,14,"IND","India","","","",""
"JE",2009,14,"IND","India","","","",""
"JE",2010,14,"IND","India","","","",""
"JE",2011,14,"IND","India","","","",""
"JE",2012,14,"IND","India","","","",""
"JE",2013,14,"IND","India","","","",""
"JE",2014,14,"IND","India","","","",""
"JE",2015,14,"IND","India","","","",""
"JE",2016,14,"IND","India","","","",""
"JE",2017,14,"IND","India","","","",""
"JE",2018,14,"IND","India","","","",""
"JE",2019,14,"IND","India","","","",""
"JE",2020,14,"IND","India","","","",""
"JE",2021,14,"IND","India","","","",""
"JE",2022,14,"IND","India","","","",""
"JE",2023,14,"IND","India","","","",""
"JE",2024,14,"IND","India","","","",""
"JE",2025,14,"IND","India","","","",""
"JE",2026,14,"IND","India","","","",""
"JE",2027,14,"IND","India","","","",""
"JE",2028,14,"IND","India","","","",""
"JE",2029,14,"IND","India","","","",""
"JE",2030,14,"IND","India","","","",""
"JE",2031,14,"IND","India","","","",""
"JE",2032,14,"IND","India","","","",""
"JE",2033,14,"IND","India","","","",""
"JE",2034,14,"IND","India","","","",""
"JE",2035,14,"IND","India","","","",""
"JE",2036,14,"IND","India","","","",""
"JE",2037,14,"IND","India","","","",""
"JE",2038,14,"IND","India","","","",""
"JE",2039,14,"IND","India","","","",""
"JE",2040,14,"IND","India","","","",""
"JE",2041,14,"IND","India","","","",""
"JE",2042,14,"IND","India","","","",""
"JE",2043,14,"IND","India","","","",""
"JE",2044,14,"IND","India","","","",""
