"","disease","year","age","gender","country","country_name","cohort_size","deaths","DALYS","cases"
"1","Hib3",2000,0,"male","NGA","Nigeria",0,0,0,0
"2","Hib3",2001,0,"male","NGA","Nigeria",0,0,0,0
"3","Hib3",2002,0,"male","NGA","Nigeria",0,0,0,0
"4","Hib3",2003,0,"male","NGA","Nigeria",0,0,0,0
"5","Hib3",2004,0,"male","NGA","Nigeria",0,0,0,0
"6","Hib3",2005,0,"male","NGA","Nigeria",0,0,0,0
"7","Hib3",2006,0,"male","NGA","Nigeria",0,0,0,0
"8","Hib3",2007,0,"male","NGA","Nigeria",0,0,0,0
"9","Hib3",2008,0,"male","NGA","Nigeria",0,0,0,0
"10","Hib3",2009,0,"male","NGA","Nigeria",0,0,0,0
"11","Hib3",2010,0,"male","NGA","Nigeria",0,0,0,0
"12","Hib3",2011,0,"male","NGA","Nigeria",0,0,0,0
"13","Hib3",2012,0,"male","NGA","Nigeria",0,0,0,0
"14","Hib3",2013,0,"male","NGA","Nigeria",0,0,0,0
"15","Hib3",2014,0,"male","NGA","Nigeria",0,0,0,0
"16","Hib3",2015,0,"male","NGA","Nigeria",0,0,0,0
"17","Hib3",2016,0,"male","NGA","Nigeria",0,0,0,0
"18","Hib3",2017,0,"male","NGA","Nigeria",0,0,0,0
"19","Hib3",2018,0,"male","NGA","Nigeria",0,0,0,0
"20","Hib3",2019,0,"male","NGA","Nigeria",0,0,0,0
"21","Hib3",2020,0,"male","NGA","Nigeria",0,0,0,0
"22","Hib3",2021,0,"male","NGA","Nigeria",0,0,0,0
"23","Hib3",2022,0,"male","NGA","Nigeria",0,0,0,0
"24","Hib3",2023,0,"male","NGA","Nigeria",0,0,0,0
"25","Hib3",2024,0,"male","NGA","Nigeria",0,0,0,0
"26","Hib3",2025,0,"male","NGA","Nigeria",0,0,0,0
"27","Hib3",2026,0,"male","NGA","Nigeria",0,0,0,0
"28","Hib3",2027,0,"male","NGA","Nigeria",0,0,0,0
"29","Hib3",2028,0,"male","NGA","Nigeria",0,0,0,0
"30","Hib3",2029,0,"male","NGA","Nigeria",0,0,0,0
"31","Hib3",2030,0,"male","NGA","Nigeria",0,0,0,0
"32","Hib3",2031,0,"male","NGA","Nigeria",0,0,0,0
"33","Hib3",2032,0,"male","NGA","Nigeria",0,0,0,0
"34","Hib3",2033,0,"male","NGA","Nigeria",0,0,0,0
"35","Hib3",2034,0,"male","NGA","Nigeria",0,0,0,0
"36","Hib3",2000,1,"male","NGA","Nigeria",0,0,0,0
"37","Hib3",2001,1,"male","NGA","Nigeria",0,0,0,0
"38","Hib3",2002,1,"male","NGA","Nigeria",0,0,0,0
"39","Hib3",2003,1,"male","NGA","Nigeria",0,0,0,0
"40","Hib3",2004,1,"male","NGA","Nigeria",0,0,0,0
"41","Hib3",2005,1,"male","NGA","Nigeria",0,0,0,0
"42","Hib3",2006,1,"male","NGA","Nigeria",0,0,0,0
"43","Hib3",2007,1,"male","NGA","Nigeria",0,0,0,0
"44","Hib3",2008,1,"male","NGA","Nigeria",0,0,0,0
"45","Hib3",2009,1,"male","NGA","Nigeria",0,0,0,0
"46","Hib3",2010,1,"male","NGA","Nigeria",0,0,0,0
"47","Hib3",2011,1,"male","NGA","Nigeria",0,0,0,0
"48","Hib3",2012,1,"male","NGA","Nigeria",0,0,0,0
"49","Hib3",2013,1,"male","NGA","Nigeria",0,0,0,0
"50","Hib3",2014,1,"male","NGA","Nigeria",0,0,0,0
"51","Hib3",2015,1,"male","NGA","Nigeria",0,0,0,0
"52","Hib3",2016,1,"male","NGA","Nigeria",0,0,0,0
"53","Hib3",2017,1,"male","NGA","Nigeria",0,0,0,0
"54","Hib3",2018,1,"male","NGA","Nigeria",0,0,0,0
"55","Hib3",2019,1,"male","NGA","Nigeria",0,0,0,0
"56","Hib3",2020,1,"male","NGA","Nigeria",0,0,0,0
"57","Hib3",2021,1,"male","NGA","Nigeria",0,0,0,0
"58","Hib3",2022,1,"male","NGA","Nigeria",0,0,0,0
"59","Hib3",2023,1,"male","NGA","Nigeria",0,0,0,0
"60","Hib3",2024,1,"male","NGA","Nigeria",0,0,0,0
"61","Hib3",2025,1,"male","NGA","Nigeria",0,0,0,0
"62","Hib3",2026,1,"male","NGA","Nigeria",0,0,0,0
"63","Hib3",2027,1,"male","NGA","Nigeria",0,0,0,0
"64","Hib3",2028,1,"male","NGA","Nigeria",0,0,0,0
"65","Hib3",2029,1,"male","NGA","Nigeria",0,0,0,0
"66","Hib3",2030,1,"male","NGA","Nigeria",0,0,0,0
"67","Hib3",2031,1,"male","NGA","Nigeria",0,0,0,0
"68","Hib3",2032,1,"male","NGA","Nigeria",0,0,0,0
"69","Hib3",2033,1,"male","NGA","Nigeria",0,0,0,0
"70","Hib3",2034,1,"male","NGA","Nigeria",0,0,0,0
"71","Hib3",2000,2,"male","NGA","Nigeria",0,0,0,0
"72","Hib3",2001,2,"male","NGA","Nigeria",0,0,0,0
"73","Hib3",2002,2,"male","NGA","Nigeria",0,0,0,0
"74","Hib3",2003,2,"male","NGA","Nigeria",0,0,0,0
"75","Hib3",2004,2,"male","NGA","Nigeria",0,0,0,0
"76","Hib3",2005,2,"male","NGA","Nigeria",0,0,0,0
"77","Hib3",2006,2,"male","NGA","Nigeria",0,0,0,0
"78","Hib3",2007,2,"male","NGA","Nigeria",0,0,0,0
"79","Hib3",2008,2,"male","NGA","Nigeria",0,0,0,0
"80","Hib3",2009,2,"male","NGA","Nigeria",0,0,0,0
"81","Hib3",2010,2,"male","NGA","Nigeria",0,0,0,0
"82","Hib3",2011,2,"male","NGA","Nigeria",0,0,0,0
"83","Hib3",2012,2,"male","NGA","Nigeria",0,0,0,0
"84","Hib3",2013,2,"male","NGA","Nigeria",0,0,0,0
"85","Hib3",2014,2,"male","NGA","Nigeria",0,0,0,0
"86","Hib3",2015,2,"male","NGA","Nigeria",0,0,0,0
"87","Hib3",2016,2,"male","NGA","Nigeria",0,0,0,0
"88","Hib3",2017,2,"male","NGA","Nigeria",0,0,0,0
"89","Hib3",2018,2,"male","NGA","Nigeria",0,0,0,0
"90","Hib3",2019,2,"male","NGA","Nigeria",0,0,0,0
"91","Hib3",2020,2,"male","NGA","Nigeria",0,0,0,0
"92","Hib3",2021,2,"male","NGA","Nigeria",0,0,0,0
"93","Hib3",2022,2,"male","NGA","Nigeria",0,0,0,0
"94","Hib3",2023,2,"male","NGA","Nigeria",0,0,0,0
"95","Hib3",2024,2,"male","NGA","Nigeria",0,0,0,0
"96","Hib3",2025,2,"male","NGA","Nigeria",0,0,0,0
"97","Hib3",2026,2,"male","NGA","Nigeria",0,0,0,0
"98","Hib3",2027,2,"male","NGA","Nigeria",0,0,0,0
"99","Hib3",2028,2,"male","NGA","Nigeria",0,0,0,0
"100","Hib3",2029,2,"male","NGA","Nigeria",0,0,0,0
"101","Hib3",2030,2,"male","NGA","Nigeria",0,0,0,0
"102","Hib3",2031,2,"male","NGA","Nigeria",0,0,0,0
"103","Hib3",2032,2,"male","NGA","Nigeria",0,0,0,0
"104","Hib3",2033,2,"male","NGA","Nigeria",0,0,0,0
"105","Hib3",2034,2,"male","NGA","Nigeria",0,0,0,0
"106","Hib3",2000,3,"male","NGA","Nigeria",0,0,0,0
"107","Hib3",2001,3,"male","NGA","Nigeria",0,0,0,0
"108","Hib3",2002,3,"male","NGA","Nigeria",0,0,0,0
"109","Hib3",2003,3,"male","NGA","Nigeria",0,0,0,0
"110","Hib3",2004,3,"male","NGA","Nigeria",0,0,0,0
"111","Hib3",2005,3,"male","NGA","Nigeria",0,0,0,0
"112","Hib3",2006,3,"male","NGA","Nigeria",0,0,0,0
"113","Hib3",2007,3,"male","NGA","Nigeria",0,0,0,0
"114","Hib3",2008,3,"male","NGA","Nigeria",0,0,0,0
"115","Hib3",2009,3,"male","NGA","Nigeria",0,0,0,0
"116","Hib3",2010,3,"male","NGA","Nigeria",0,0,0,0
"117","Hib3",2011,3,"male","NGA","Nigeria",0,0,0,0
"118","Hib3",2012,3,"male","NGA","Nigeria",0,0,0,0
"119","Hib3",2013,3,"male","NGA","Nigeria",0,0,0,0
"120","Hib3",2014,3,"male","NGA","Nigeria",0,0,0,0
"121","Hib3",2015,3,"male","NGA","Nigeria",0,0,0,0
"122","Hib3",2016,3,"male","NGA","Nigeria",0,0,0,0
"123","Hib3",2017,3,"male","NGA","Nigeria",0,0,0,0
"124","Hib3",2018,3,"male","NGA","Nigeria",0,0,0,0
"125","Hib3",2019,3,"male","NGA","Nigeria",0,0,0,0
"126","Hib3",2020,3,"male","NGA","Nigeria",0,0,0,0
"127","Hib3",2021,3,"male","NGA","Nigeria",0,0,0,0
"128","Hib3",2022,3,"male","NGA","Nigeria",0,0,0,0
"129","Hib3",2023,3,"male","NGA","Nigeria",0,0,0,0
"130","Hib3",2024,3,"male","NGA","Nigeria",0,0,0,0
"131","Hib3",2025,3,"male","NGA","Nigeria",0,0,0,0
"132","Hib3",2026,3,"male","NGA","Nigeria",0,0,0,0
"133","Hib3",2027,3,"male","NGA","Nigeria",0,0,0,0
"134","Hib3",2028,3,"male","NGA","Nigeria",0,0,0,0
"135","Hib3",2029,3,"male","NGA","Nigeria",0,0,0,0
"136","Hib3",2030,3,"male","NGA","Nigeria",0,0,0,0
"137","Hib3",2031,3,"male","NGA","Nigeria",0,0,0,0
"138","Hib3",2032,3,"male","NGA","Nigeria",0,0,0,0
"139","Hib3",2033,3,"male","NGA","Nigeria",0,0,0,0
"140","Hib3",2034,3,"male","NGA","Nigeria",0,0,0,0
"141","Hib3",2000,4,"male","NGA","Nigeria",0,0,0,0
"142","Hib3",2001,4,"male","NGA","Nigeria",0,0,0,0
"143","Hib3",2002,4,"male","NGA","Nigeria",0,0,0,0
"144","Hib3",2003,4,"male","NGA","Nigeria",0,0,0,0
"145","Hib3",2004,4,"male","NGA","Nigeria",0,0,0,0
"146","Hib3",2005,4,"male","NGA","Nigeria",0,0,0,0
"147","Hib3",2006,4,"male","NGA","Nigeria",0,0,0,0
"148","Hib3",2007,4,"male","NGA","Nigeria",0,0,0,0
"149","Hib3",2008,4,"male","NGA","Nigeria",0,0,0,0
"150","Hib3",2009,4,"male","NGA","Nigeria",0,0,0,0
"151","Hib3",2010,4,"male","NGA","Nigeria",0,0,0,0
"152","Hib3",2011,4,"male","NGA","Nigeria",0,0,0,0
"153","Hib3",2012,4,"male","NGA","Nigeria",0,0,0,0
"154","Hib3",2013,4,"male","NGA","Nigeria",0,0,0,0
"155","Hib3",2014,4,"male","NGA","Nigeria",0,0,0,0
"156","Hib3",2015,4,"male","NGA","Nigeria",0,0,0,0
"157","Hib3",2016,4,"male","NGA","Nigeria",0,0,0,0
"158","Hib3",2017,4,"male","NGA","Nigeria",0,0,0,0
"159","Hib3",2018,4,"male","NGA","Nigeria",0,0,0,0
"160","Hib3",2019,4,"male","NGA","Nigeria",0,0,0,0
"161","Hib3",2020,4,"male","NGA","Nigeria",0,0,0,0
"162","Hib3",2021,4,"male","NGA","Nigeria",0,0,0,0
"163","Hib3",2022,4,"male","NGA","Nigeria",0,0,0,0
"164","Hib3",2023,4,"male","NGA","Nigeria",0,0,0,0
"165","Hib3",2024,4,"male","NGA","Nigeria",0,0,0,0
"166","Hib3",2025,4,"male","NGA","Nigeria",0,0,0,0
"167","Hib3",2026,4,"male","NGA","Nigeria",0,0,0,0
"168","Hib3",2027,4,"male","NGA","Nigeria",0,0,0,0
"169","Hib3",2028,4,"male","NGA","Nigeria",0,0,0,0
"170","Hib3",2029,4,"male","NGA","Nigeria",0,0,0,0
"171","Hib3",2030,4,"male","NGA","Nigeria",0,0,0,0
"172","Hib3",2031,4,"male","NGA","Nigeria",0,0,0,0
"173","Hib3",2032,4,"male","NGA","Nigeria",0,0,0,0
"174","Hib3",2033,4,"male","NGA","Nigeria",0,0,0,0
"175","Hib3",2034,4,"male","NGA","Nigeria",0,0,0,0
"176","Hib3",2000,0,"female","NGA","Nigeria",0,0,0,0
"177","Hib3",2001,0,"female","NGA","Nigeria",0,0,0,0
"178","Hib3",2002,0,"female","NGA","Nigeria",0,0,0,0
"179","Hib3",2003,0,"female","NGA","Nigeria",0,0,0,0
"180","Hib3",2004,0,"female","NGA","Nigeria",0,0,0,0
"181","Hib3",2005,0,"female","NGA","Nigeria",0,0,0,0
"182","Hib3",2006,0,"female","NGA","Nigeria",0,0,0,0
"183","Hib3",2007,0,"female","NGA","Nigeria",0,0,0,0
"184","Hib3",2008,0,"female","NGA","Nigeria",0,0,0,0
"185","Hib3",2009,0,"female","NGA","Nigeria",0,0,0,0
"186","Hib3",2010,0,"female","NGA","Nigeria",0,0,0,0
"187","Hib3",2011,0,"female","NGA","Nigeria",0,0,0,0
"188","Hib3",2012,0,"female","NGA","Nigeria",0,0,0,0
"189","Hib3",2013,0,"female","NGA","Nigeria",0,0,0,0
"190","Hib3",2014,0,"female","NGA","Nigeria",0,0,0,0
"191","Hib3",2015,0,"female","NGA","Nigeria",0,0,0,0
"192","Hib3",2016,0,"female","NGA","Nigeria",0,0,0,0
"193","Hib3",2017,0,"female","NGA","Nigeria",0,0,0,0
"194","Hib3",2018,0,"female","NGA","Nigeria",0,0,0,0
"195","Hib3",2019,0,"female","NGA","Nigeria",0,0,0,0
"196","Hib3",2020,0,"female","NGA","Nigeria",0,0,0,0
"197","Hib3",2021,0,"female","NGA","Nigeria",0,0,0,0
"198","Hib3",2022,0,"female","NGA","Nigeria",0,0,0,0
"199","Hib3",2023,0,"female","NGA","Nigeria",0,0,0,0
"200","Hib3",2024,0,"female","NGA","Nigeria",0,0,0,0
"201","Hib3",2025,0,"female","NGA","Nigeria",0,0,0,0
"202","Hib3",2026,0,"female","NGA","Nigeria",0,0,0,0
"203","Hib3",2027,0,"female","NGA","Nigeria",0,0,0,0
"204","Hib3",2028,0,"female","NGA","Nigeria",0,0,0,0
"205","Hib3",2029,0,"female","NGA","Nigeria",0,0,0,0
"206","Hib3",2030,0,"female","NGA","Nigeria",0,0,0,0
"207","Hib3",2031,0,"female","NGA","Nigeria",0,0,0,0
"208","Hib3",2032,0,"female","NGA","Nigeria",0,0,0,0
"209","Hib3",2033,0,"female","NGA","Nigeria",0,0,0,0
"210","Hib3",2034,0,"female","NGA","Nigeria",0,0,0,0
"211","Hib3",2000,1,"female","NGA","Nigeria",0,0,0,0
"212","Hib3",2001,1,"female","NGA","Nigeria",0,0,0,0
"213","Hib3",2002,1,"female","NGA","Nigeria",0,0,0,0
"214","Hib3",2003,1,"female","NGA","Nigeria",0,0,0,0
"215","Hib3",2004,1,"female","NGA","Nigeria",0,0,0,0
"216","Hib3",2005,1,"female","NGA","Nigeria",0,0,0,0
"217","Hib3",2006,1,"female","NGA","Nigeria",0,0,0,0
"218","Hib3",2007,1,"female","NGA","Nigeria",0,0,0,0
"219","Hib3",2008,1,"female","NGA","Nigeria",0,0,0,0
"220","Hib3",2009,1,"female","NGA","Nigeria",0,0,0,0
"221","Hib3",2010,1,"female","NGA","Nigeria",0,0,0,0
"222","Hib3",2011,1,"female","NGA","Nigeria",0,0,0,0
"223","Hib3",2012,1,"female","NGA","Nigeria",0,0,0,0
"224","Hib3",2013,1,"female","NGA","Nigeria",0,0,0,0
"225","Hib3",2014,1,"female","NGA","Nigeria",0,0,0,0
"226","Hib3",2015,1,"female","NGA","Nigeria",0,0,0,0
"227","Hib3",2016,1,"female","NGA","Nigeria",0,0,0,0
"228","Hib3",2017,1,"female","NGA","Nigeria",0,0,0,0
"229","Hib3",2018,1,"female","NGA","Nigeria",0,0,0,0
"230","Hib3",2019,1,"female","NGA","Nigeria",0,0,0,0
"231","Hib3",2020,1,"female","NGA","Nigeria",0,0,0,0
"232","Hib3",2021,1,"female","NGA","Nigeria",0,0,0,0
"233","Hib3",2022,1,"female","NGA","Nigeria",0,0,0,0
"234","Hib3",2023,1,"female","NGA","Nigeria",0,0,0,0
"235","Hib3",2024,1,"female","NGA","Nigeria",0,0,0,0
"236","Hib3",2025,1,"female","NGA","Nigeria",0,0,0,0
"237","Hib3",2026,1,"female","NGA","Nigeria",0,0,0,0
"238","Hib3",2027,1,"female","NGA","Nigeria",0,0,0,0
"239","Hib3",2028,1,"female","NGA","Nigeria",0,0,0,0
"240","Hib3",2029,1,"female","NGA","Nigeria",0,0,0,0
"241","Hib3",2030,1,"female","NGA","Nigeria",0,0,0,0
"242","Hib3",2031,1,"female","NGA","Nigeria",0,0,0,0
"243","Hib3",2032,1,"female","NGA","Nigeria",0,0,0,0
"244","Hib3",2033,1,"female","NGA","Nigeria",0,0,0,0
"245","Hib3",2034,1,"female","NGA","Nigeria",0,0,0,0
"246","Hib3",2000,2,"female","NGA","Nigeria",0,0,0,0
"247","Hib3",2001,2,"female","NGA","Nigeria",0,0,0,0
"248","Hib3",2002,2,"female","NGA","Nigeria",0,0,0,0
"249","Hib3",2003,2,"female","NGA","Nigeria",0,0,0,0
"250","Hib3",2004,2,"female","NGA","Nigeria",0,0,0,0
"251","Hib3",2005,2,"female","NGA","Nigeria",0,0,0,0
"252","Hib3",2006,2,"female","NGA","Nigeria",0,0,0,0
"253","Hib3",2007,2,"female","NGA","Nigeria",0,0,0,0
"254","Hib3",2008,2,"female","NGA","Nigeria",0,0,0,0
"255","Hib3",2009,2,"female","NGA","Nigeria",0,0,0,0
"256","Hib3",2010,2,"female","NGA","Nigeria",0,0,0,0
"257","Hib3",2011,2,"female","NGA","Nigeria",0,0,0,0
"258","Hib3",2012,2,"female","NGA","Nigeria",0,0,0,0
"259","Hib3",2013,2,"female","NGA","Nigeria",0,0,0,0
"260","Hib3",2014,2,"female","NGA","Nigeria",0,0,0,0
"261","Hib3",2015,2,"female","NGA","Nigeria",0,0,0,0
"262","Hib3",2016,2,"female","NGA","Nigeria",0,0,0,0
"263","Hib3",2017,2,"female","NGA","Nigeria",0,0,0,0
"264","Hib3",2018,2,"female","NGA","Nigeria",0,0,0,0
"265","Hib3",2019,2,"female","NGA","Nigeria",0,0,0,0
"266","Hib3",2020,2,"female","NGA","Nigeria",0,0,0,0
"267","Hib3",2021,2,"female","NGA","Nigeria",0,0,0,0
"268","Hib3",2022,2,"female","NGA","Nigeria",0,0,0,0
"269","Hib3",2023,2,"female","NGA","Nigeria",0,0,0,0
"270","Hib3",2024,2,"female","NGA","Nigeria",0,0,0,0
"271","Hib3",2025,2,"female","NGA","Nigeria",0,0,0,0
"272","Hib3",2026,2,"female","NGA","Nigeria",0,0,0,0
"273","Hib3",2027,2,"female","NGA","Nigeria",0,0,0,0
"274","Hib3",2028,2,"female","NGA","Nigeria",0,0,0,0
"275","Hib3",2029,2,"female","NGA","Nigeria",0,0,0,0
"276","Hib3",2030,2,"female","NGA","Nigeria",0,0,0,0
"277","Hib3",2031,2,"female","NGA","Nigeria",0,0,0,0
"278","Hib3",2032,2,"female","NGA","Nigeria",0,0,0,0
"279","Hib3",2033,2,"female","NGA","Nigeria",0,0,0,0
"280","Hib3",2034,2,"female","NGA","Nigeria",0,0,0,0
"281","Hib3",2000,3,"female","NGA","Nigeria",0,0,0,0
"282","Hib3",2001,3,"female","NGA","Nigeria",0,0,0,0
"283","Hib3",2002,3,"female","NGA","Nigeria",0,0,0,0
"284","Hib3",2003,3,"female","NGA","Nigeria",0,0,0,0
"285","Hib3",2004,3,"female","NGA","Nigeria",0,0,0,0
"286","Hib3",2005,3,"female","NGA","Nigeria",0,0,0,0
"287","Hib3",2006,3,"female","NGA","Nigeria",0,0,0,0
"288","Hib3",2007,3,"female","NGA","Nigeria",0,0,0,0
"289","Hib3",2008,3,"female","NGA","Nigeria",0,0,0,0
"290","Hib3",2009,3,"female","NGA","Nigeria",0,0,0,0
"291","Hib3",2010,3,"female","NGA","Nigeria",0,0,0,0
"292","Hib3",2011,3,"female","NGA","Nigeria",0,0,0,0
"293","Hib3",2012,3,"female","NGA","Nigeria",0,0,0,0
"294","Hib3",2013,3,"female","NGA","Nigeria",0,0,0,0
"295","Hib3",2014,3,"female","NGA","Nigeria",0,0,0,0
"296","Hib3",2015,3,"female","NGA","Nigeria",0,0,0,0
"297","Hib3",2016,3,"female","NGA","Nigeria",0,0,0,0
"298","Hib3",2017,3,"female","NGA","Nigeria",0,0,0,0
"299","Hib3",2018,3,"female","NGA","Nigeria",0,0,0,0
"300","Hib3",2019,3,"female","NGA","Nigeria",0,0,0,0
"301","Hib3",2020,3,"female","NGA","Nigeria",0,0,0,0
"302","Hib3",2021,3,"female","NGA","Nigeria",0,0,0,0
"303","Hib3",2022,3,"female","NGA","Nigeria",0,0,0,0
"304","Hib3",2023,3,"female","NGA","Nigeria",0,0,0,0
"305","Hib3",2024,3,"female","NGA","Nigeria",0,0,0,0
"306","Hib3",2025,3,"female","NGA","Nigeria",0,0,0,0
"307","Hib3",2026,3,"female","NGA","Nigeria",0,0,0,0
"308","Hib3",2027,3,"female","NGA","Nigeria",0,0,0,0
"309","Hib3",2028,3,"female","NGA","Nigeria",0,0,0,0
"310","Hib3",2029,3,"female","NGA","Nigeria",0,0,0,0
"311","Hib3",2030,3,"female","NGA","Nigeria",0,0,0,0
"312","Hib3",2031,3,"female","NGA","Nigeria",0,0,0,0
"313","Hib3",2032,3,"female","NGA","Nigeria",0,0,0,0
"314","Hib3",2033,3,"female","NGA","Nigeria",0,0,0,0
"315","Hib3",2034,3,"female","NGA","Nigeria",0,0,0,0
"316","Hib3",2000,4,"female","NGA","Nigeria",0,0,0,0
"317","Hib3",2001,4,"female","NGA","Nigeria",0,0,0,0
"318","Hib3",2002,4,"female","NGA","Nigeria",0,0,0,0
"319","Hib3",2003,4,"female","NGA","Nigeria",0,0,0,0
"320","Hib3",2004,4,"female","NGA","Nigeria",0,0,0,0
"321","Hib3",2005,4,"female","NGA","Nigeria",0,0,0,0
"322","Hib3",2006,4,"female","NGA","Nigeria",0,0,0,0
"323","Hib3",2007,4,"female","NGA","Nigeria",0,0,0,0
"324","Hib3",2008,4,"female","NGA","Nigeria",0,0,0,0
"325","Hib3",2009,4,"female","NGA","Nigeria",0,0,0,0
"326","Hib3",2010,4,"female","NGA","Nigeria",0,0,0,0
"327","Hib3",2011,4,"female","NGA","Nigeria",0,0,0,0
"328","Hib3",2012,4,"female","NGA","Nigeria",0,0,0,0
"329","Hib3",2013,4,"female","NGA","Nigeria",0,0,0,0
"330","Hib3",2014,4,"female","NGA","Nigeria",0,0,0,0
"331","Hib3",2015,4,"female","NGA","Nigeria",0,0,0,0
"332","Hib3",2016,4,"female","NGA","Nigeria",0,0,0,0
"333","Hib3",2017,4,"female","NGA","Nigeria",0,0,0,0
"334","Hib3",2018,4,"female","NGA","Nigeria",0,0,0,0
"335","Hib3",2019,4,"female","NGA","Nigeria",0,0,0,0
"336","Hib3",2020,4,"female","NGA","Nigeria",0,0,0,0
"337","Hib3",2021,4,"female","NGA","Nigeria",0,0,0,0
"338","Hib3",2022,4,"female","NGA","Nigeria",0,0,0,0
"339","Hib3",2023,4,"female","NGA","Nigeria",0,0,0,0
"340","Hib3",2024,4,"female","NGA","Nigeria",0,0,0,0
"341","Hib3",2025,4,"female","NGA","Nigeria",0,0,0,0
"342","Hib3",2026,4,"female","NGA","Nigeria",0,0,0,0
"343","Hib3",2027,4,"female","NGA","Nigeria",0,0,0,0
"344","Hib3",2028,4,"female","NGA","Nigeria",0,0,0,0
"345","Hib3",2029,4,"female","NGA","Nigeria",0,0,0,0
"346","Hib3",2030,4,"female","NGA","Nigeria",0,0,0,0
"347","Hib3",2031,4,"female","NGA","Nigeria",0,0,0,0
"348","Hib3",2032,4,"female","NGA","Nigeria",0,0,0,0
"349","Hib3",2033,4,"female","NGA","Nigeria",0,0,0,0
"350","Hib3",2034,4,"female","NGA","Nigeria",0,0,0,0
"351","Hib3",2000,0,"male","ETH","Ethiopia",0,0,0,0
"352","Hib3",2001,0,"male","ETH","Ethiopia",0,0,0,0
"353","Hib3",2002,0,"male","ETH","Ethiopia",0,0,0,0
"354","Hib3",2003,0,"male","ETH","Ethiopia",0,0,0,0
"355","Hib3",2004,0,"male","ETH","Ethiopia",0,0,0,0
"356","Hib3",2005,0,"male","ETH","Ethiopia",0,0,0,0
"357","Hib3",2006,0,"male","ETH","Ethiopia",0,0,0,0
"358","Hib3",2007,0,"male","ETH","Ethiopia",0,0,0,0
"359","Hib3",2008,0,"male","ETH","Ethiopia",0,0,0,0
"360","Hib3",2009,0,"male","ETH","Ethiopia",0,0,0,0
"361","Hib3",2010,0,"male","ETH","Ethiopia",0,0,0,0
"362","Hib3",2011,0,"male","ETH","Ethiopia",0,0,0,0
"363","Hib3",2012,0,"male","ETH","Ethiopia",0,0,0,0
"364","Hib3",2013,0,"male","ETH","Ethiopia",0,0,0,0
"365","Hib3",2014,0,"male","ETH","Ethiopia",0,0,0,0
"366","Hib3",2015,0,"male","ETH","Ethiopia",0,0,0,0
"367","Hib3",2016,0,"male","ETH","Ethiopia",0,0,0,0
"368","Hib3",2017,0,"male","ETH","Ethiopia",0,0,0,0
"369","Hib3",2018,0,"male","ETH","Ethiopia",0,0,0,0
"370","Hib3",2019,0,"male","ETH","Ethiopia",0,0,0,0
"371","Hib3",2020,0,"male","ETH","Ethiopia",0,0,0,0
"372","Hib3",2021,0,"male","ETH","Ethiopia",0,0,0,0
"373","Hib3",2022,0,"male","ETH","Ethiopia",0,0,0,0
"374","Hib3",2023,0,"male","ETH","Ethiopia",0,0,0,0
"375","Hib3",2024,0,"male","ETH","Ethiopia",0,0,0,0
"376","Hib3",2025,0,"male","ETH","Ethiopia",0,0,0,0
"377","Hib3",2026,0,"male","ETH","Ethiopia",0,0,0,0
"378","Hib3",2027,0,"male","ETH","Ethiopia",0,0,0,0
"379","Hib3",2028,0,"male","ETH","Ethiopia",0,0,0,0
"380","Hib3",2029,0,"male","ETH","Ethiopia",0,0,0,0
"381","Hib3",2030,0,"male","ETH","Ethiopia",0,0,0,0
"382","Hib3",2031,0,"male","ETH","Ethiopia",0,0,0,0
"383","Hib3",2032,0,"male","ETH","Ethiopia",0,0,0,0
"384","Hib3",2033,0,"male","ETH","Ethiopia",0,0,0,0
"385","Hib3",2034,0,"male","ETH","Ethiopia",0,0,0,0
"386","Hib3",2000,1,"male","ETH","Ethiopia",0,0,0,0
"387","Hib3",2001,1,"male","ETH","Ethiopia",0,0,0,0
"388","Hib3",2002,1,"male","ETH","Ethiopia",0,0,0,0
"389","Hib3",2003,1,"male","ETH","Ethiopia",0,0,0,0
"390","Hib3",2004,1,"male","ETH","Ethiopia",0,0,0,0
"391","Hib3",2005,1,"male","ETH","Ethiopia",0,0,0,0
"392","Hib3",2006,1,"male","ETH","Ethiopia",0,0,0,0
"393","Hib3",2007,1,"male","ETH","Ethiopia",0,0,0,0
"394","Hib3",2008,1,"male","ETH","Ethiopia",0,0,0,0
"395","Hib3",2009,1,"male","ETH","Ethiopia",0,0,0,0
"396","Hib3",2010,1,"male","ETH","Ethiopia",0,0,0,0
"397","Hib3",2011,1,"male","ETH","Ethiopia",0,0,0,0
"398","Hib3",2012,1,"male","ETH","Ethiopia",0,0,0,0
"399","Hib3",2013,1,"male","ETH","Ethiopia",0,0,0,0
"400","Hib3",2014,1,"male","ETH","Ethiopia",0,0,0,0
"401","Hib3",2015,1,"male","ETH","Ethiopia",0,0,0,0
"402","Hib3",2016,1,"male","ETH","Ethiopia",0,0,0,0
"403","Hib3",2017,1,"male","ETH","Ethiopia",0,0,0,0
"404","Hib3",2018,1,"male","ETH","Ethiopia",0,0,0,0
"405","Hib3",2019,1,"male","ETH","Ethiopia",0,0,0,0
"406","Hib3",2020,1,"male","ETH","Ethiopia",0,0,0,0
"407","Hib3",2021,1,"male","ETH","Ethiopia",0,0,0,0
"408","Hib3",2022,1,"male","ETH","Ethiopia",0,0,0,0
"409","Hib3",2023,1,"male","ETH","Ethiopia",0,0,0,0
"410","Hib3",2024,1,"male","ETH","Ethiopia",0,0,0,0
"411","Hib3",2025,1,"male","ETH","Ethiopia",0,0,0,0
"412","Hib3",2026,1,"male","ETH","Ethiopia",0,0,0,0
"413","Hib3",2027,1,"male","ETH","Ethiopia",0,0,0,0
"414","Hib3",2028,1,"male","ETH","Ethiopia",0,0,0,0
"415","Hib3",2029,1,"male","ETH","Ethiopia",0,0,0,0
"416","Hib3",2030,1,"male","ETH","Ethiopia",0,0,0,0
"417","Hib3",2031,1,"male","ETH","Ethiopia",0,0,0,0
"418","Hib3",2032,1,"male","ETH","Ethiopia",0,0,0,0
"419","Hib3",2033,1,"male","ETH","Ethiopia",0,0,0,0
"420","Hib3",2034,1,"male","ETH","Ethiopia",0,0,0,0
"421","Hib3",2000,2,"male","ETH","Ethiopia",0,0,0,0
"422","Hib3",2001,2,"male","ETH","Ethiopia",0,0,0,0
"423","Hib3",2002,2,"male","ETH","Ethiopia",0,0,0,0
"424","Hib3",2003,2,"male","ETH","Ethiopia",0,0,0,0
"425","Hib3",2004,2,"male","ETH","Ethiopia",0,0,0,0
"426","Hib3",2005,2,"male","ETH","Ethiopia",0,0,0,0
"427","Hib3",2006,2,"male","ETH","Ethiopia",0,0,0,0
"428","Hib3",2007,2,"male","ETH","Ethiopia",0,0,0,0
"429","Hib3",2008,2,"male","ETH","Ethiopia",0,0,0,0
"430","Hib3",2009,2,"male","ETH","Ethiopia",0,0,0,0
"431","Hib3",2010,2,"male","ETH","Ethiopia",0,0,0,0
"432","Hib3",2011,2,"male","ETH","Ethiopia",0,0,0,0
"433","Hib3",2012,2,"male","ETH","Ethiopia",0,0,0,0
"434","Hib3",2013,2,"male","ETH","Ethiopia",0,0,0,0
"435","Hib3",2014,2,"male","ETH","Ethiopia",0,0,0,0
"436","Hib3",2015,2,"male","ETH","Ethiopia",0,0,0,0
"437","Hib3",2016,2,"male","ETH","Ethiopia",0,0,0,0
"438","Hib3",2017,2,"male","ETH","Ethiopia",0,0,0,0
"439","Hib3",2018,2,"male","ETH","Ethiopia",0,0,0,0
"440","Hib3",2019,2,"male","ETH","Ethiopia",0,0,0,0
"441","Hib3",2020,2,"male","ETH","Ethiopia",0,0,0,0
"442","Hib3",2021,2,"male","ETH","Ethiopia",0,0,0,0
"443","Hib3",2022,2,"male","ETH","Ethiopia",0,0,0,0
"444","Hib3",2023,2,"male","ETH","Ethiopia",0,0,0,0
"445","Hib3",2024,2,"male","ETH","Ethiopia",0,0,0,0
"446","Hib3",2025,2,"male","ETH","Ethiopia",0,0,0,0
"447","Hib3",2026,2,"male","ETH","Ethiopia",0,0,0,0
"448","Hib3",2027,2,"male","ETH","Ethiopia",0,0,0,0
"449","Hib3",2028,2,"male","ETH","Ethiopia",0,0,0,0
"450","Hib3",2029,2,"male","ETH","Ethiopia",0,0,0,0
"451","Hib3",2030,2,"male","ETH","Ethiopia",0,0,0,0
"452","Hib3",2031,2,"male","ETH","Ethiopia",0,0,0,0
"453","Hib3",2032,2,"male","ETH","Ethiopia",0,0,0,0
"454","Hib3",2033,2,"male","ETH","Ethiopia",0,0,0,0
"455","Hib3",2034,2,"male","ETH","Ethiopia",0,0,0,0
"456","Hib3",2000,3,"male","ETH","Ethiopia",0,0,0,0
"457","Hib3",2001,3,"male","ETH","Ethiopia",0,0,0,0
"458","Hib3",2002,3,"male","ETH","Ethiopia",0,0,0,0
"459","Hib3",2003,3,"male","ETH","Ethiopia",0,0,0,0
"460","Hib3",2004,3,"male","ETH","Ethiopia",0,0,0,0
"461","Hib3",2005,3,"male","ETH","Ethiopia",0,0,0,0
"462","Hib3",2006,3,"male","ETH","Ethiopia",0,0,0,0
"463","Hib3",2007,3,"male","ETH","Ethiopia",0,0,0,0
"464","Hib3",2008,3,"male","ETH","Ethiopia",0,0,0,0
"465","Hib3",2009,3,"male","ETH","Ethiopia",0,0,0,0
"466","Hib3",2010,3,"male","ETH","Ethiopia",0,0,0,0
"467","Hib3",2011,3,"male","ETH","Ethiopia",0,0,0,0
"468","Hib3",2012,3,"male","ETH","Ethiopia",0,0,0,0
"469","Hib3",2013,3,"male","ETH","Ethiopia",0,0,0,0
"470","Hib3",2014,3,"male","ETH","Ethiopia",0,0,0,0
"471","Hib3",2015,3,"male","ETH","Ethiopia",0,0,0,0
"472","Hib3",2016,3,"male","ETH","Ethiopia",0,0,0,0
"473","Hib3",2017,3,"male","ETH","Ethiopia",0,0,0,0
"474","Hib3",2018,3,"male","ETH","Ethiopia",0,0,0,0
"475","Hib3",2019,3,"male","ETH","Ethiopia",0,0,0,0
"476","Hib3",2020,3,"male","ETH","Ethiopia",0,0,0,0
"477","Hib3",2021,3,"male","ETH","Ethiopia",0,0,0,0
"478","Hib3",2022,3,"male","ETH","Ethiopia",0,0,0,0
"479","Hib3",2023,3,"male","ETH","Ethiopia",0,0,0,0
"480","Hib3",2024,3,"male","ETH","Ethiopia",0,0,0,0
"481","Hib3",2025,3,"male","ETH","Ethiopia",0,0,0,0
"482","Hib3",2026,3,"male","ETH","Ethiopia",0,0,0,0
"483","Hib3",2027,3,"male","ETH","Ethiopia",0,0,0,0
"484","Hib3",2028,3,"male","ETH","Ethiopia",0,0,0,0
"485","Hib3",2029,3,"male","ETH","Ethiopia",0,0,0,0
"486","Hib3",2030,3,"male","ETH","Ethiopia",0,0,0,0
"487","Hib3",2031,3,"male","ETH","Ethiopia",0,0,0,0
"488","Hib3",2032,3,"male","ETH","Ethiopia",0,0,0,0
"489","Hib3",2033,3,"male","ETH","Ethiopia",0,0,0,0
"490","Hib3",2034,3,"male","ETH","Ethiopia",0,0,0,0
"491","Hib3",2000,4,"male","ETH","Ethiopia",0,0,0,0
"492","Hib3",2001,4,"male","ETH","Ethiopia",0,0,0,0
"493","Hib3",2002,4,"male","ETH","Ethiopia",0,0,0,0
"494","Hib3",2003,4,"male","ETH","Ethiopia",0,0,0,0
"495","Hib3",2004,4,"male","ETH","Ethiopia",0,0,0,0
"496","Hib3",2005,4,"male","ETH","Ethiopia",0,0,0,0
"497","Hib3",2006,4,"male","ETH","Ethiopia",0,0,0,0
"498","Hib3",2007,4,"male","ETH","Ethiopia",0,0,0,0
"499","Hib3",2008,4,"male","ETH","Ethiopia",0,0,0,0
"500","Hib3",2009,4,"male","ETH","Ethiopia",0,0,0,0
"501","Hib3",2010,4,"male","ETH","Ethiopia",0,0,0,0
"502","Hib3",2011,4,"male","ETH","Ethiopia",0,0,0,0
"503","Hib3",2012,4,"male","ETH","Ethiopia",0,0,0,0
"504","Hib3",2013,4,"male","ETH","Ethiopia",0,0,0,0
"505","Hib3",2014,4,"male","ETH","Ethiopia",0,0,0,0
"506","Hib3",2015,4,"male","ETH","Ethiopia",0,0,0,0
"507","Hib3",2016,4,"male","ETH","Ethiopia",0,0,0,0
"508","Hib3",2017,4,"male","ETH","Ethiopia",0,0,0,0
"509","Hib3",2018,4,"male","ETH","Ethiopia",0,0,0,0
"510","Hib3",2019,4,"male","ETH","Ethiopia",0,0,0,0
"511","Hib3",2020,4,"male","ETH","Ethiopia",0,0,0,0
"512","Hib3",2021,4,"male","ETH","Ethiopia",0,0,0,0
"513","Hib3",2022,4,"male","ETH","Ethiopia",0,0,0,0
"514","Hib3",2023,4,"male","ETH","Ethiopia",0,0,0,0
"515","Hib3",2024,4,"male","ETH","Ethiopia",0,0,0,0
"516","Hib3",2025,4,"male","ETH","Ethiopia",0,0,0,0
"517","Hib3",2026,4,"male","ETH","Ethiopia",0,0,0,0
"518","Hib3",2027,4,"male","ETH","Ethiopia",0,0,0,0
"519","Hib3",2028,4,"male","ETH","Ethiopia",0,0,0,0
"520","Hib3",2029,4,"male","ETH","Ethiopia",0,0,0,0
"521","Hib3",2030,4,"male","ETH","Ethiopia",0,0,0,0
"522","Hib3",2031,4,"male","ETH","Ethiopia",0,0,0,0
"523","Hib3",2032,4,"male","ETH","Ethiopia",0,0,0,0
"524","Hib3",2033,4,"male","ETH","Ethiopia",0,0,0,0
"525","Hib3",2034,4,"male","ETH","Ethiopia",0,0,0,0
"526","Hib3",2000,0,"female","ETH","Ethiopia",0,0,0,0
"527","Hib3",2001,0,"female","ETH","Ethiopia",0,0,0,0
"528","Hib3",2002,0,"female","ETH","Ethiopia",0,0,0,0
"529","Hib3",2003,0,"female","ETH","Ethiopia",0,0,0,0
"530","Hib3",2004,0,"female","ETH","Ethiopia",0,0,0,0
"531","Hib3",2005,0,"female","ETH","Ethiopia",0,0,0,0
"532","Hib3",2006,0,"female","ETH","Ethiopia",0,0,0,0
"533","Hib3",2007,0,"female","ETH","Ethiopia",0,0,0,0
"534","Hib3",2008,0,"female","ETH","Ethiopia",0,0,0,0
"535","Hib3",2009,0,"female","ETH","Ethiopia",0,0,0,0
"536","Hib3",2010,0,"female","ETH","Ethiopia",0,0,0,0
"537","Hib3",2011,0,"female","ETH","Ethiopia",0,0,0,0
"538","Hib3",2012,0,"female","ETH","Ethiopia",0,0,0,0
"539","Hib3",2013,0,"female","ETH","Ethiopia",0,0,0,0
"540","Hib3",2014,0,"female","ETH","Ethiopia",0,0,0,0
"541","Hib3",2015,0,"female","ETH","Ethiopia",0,0,0,0
"542","Hib3",2016,0,"female","ETH","Ethiopia",0,0,0,0
"543","Hib3",2017,0,"female","ETH","Ethiopia",0,0,0,0
"544","Hib3",2018,0,"female","ETH","Ethiopia",0,0,0,0
"545","Hib3",2019,0,"female","ETH","Ethiopia",0,0,0,0
"546","Hib3",2020,0,"female","ETH","Ethiopia",0,0,0,0
"547","Hib3",2021,0,"female","ETH","Ethiopia",0,0,0,0
"548","Hib3",2022,0,"female","ETH","Ethiopia",0,0,0,0
"549","Hib3",2023,0,"female","ETH","Ethiopia",0,0,0,0
"550","Hib3",2024,0,"female","ETH","Ethiopia",0,0,0,0
"551","Hib3",2025,0,"female","ETH","Ethiopia",0,0,0,0
"552","Hib3",2026,0,"female","ETH","Ethiopia",0,0,0,0
"553","Hib3",2027,0,"female","ETH","Ethiopia",0,0,0,0
"554","Hib3",2028,0,"female","ETH","Ethiopia",0,0,0,0
"555","Hib3",2029,0,"female","ETH","Ethiopia",0,0,0,0
"556","Hib3",2030,0,"female","ETH","Ethiopia",0,0,0,0
"557","Hib3",2031,0,"female","ETH","Ethiopia",0,0,0,0
"558","Hib3",2032,0,"female","ETH","Ethiopia",0,0,0,0
"559","Hib3",2033,0,"female","ETH","Ethiopia",0,0,0,0
"560","Hib3",2034,0,"female","ETH","Ethiopia",0,0,0,0
"561","Hib3",2000,1,"female","ETH","Ethiopia",0,0,0,0
"562","Hib3",2001,1,"female","ETH","Ethiopia",0,0,0,0
"563","Hib3",2002,1,"female","ETH","Ethiopia",0,0,0,0
"564","Hib3",2003,1,"female","ETH","Ethiopia",0,0,0,0
"565","Hib3",2004,1,"female","ETH","Ethiopia",0,0,0,0
"566","Hib3",2005,1,"female","ETH","Ethiopia",0,0,0,0
"567","Hib3",2006,1,"female","ETH","Ethiopia",0,0,0,0
"568","Hib3",2007,1,"female","ETH","Ethiopia",0,0,0,0
"569","Hib3",2008,1,"female","ETH","Ethiopia",0,0,0,0
"570","Hib3",2009,1,"female","ETH","Ethiopia",0,0,0,0
"571","Hib3",2010,1,"female","ETH","Ethiopia",0,0,0,0
"572","Hib3",2011,1,"female","ETH","Ethiopia",0,0,0,0
"573","Hib3",2012,1,"female","ETH","Ethiopia",0,0,0,0
"574","Hib3",2013,1,"female","ETH","Ethiopia",0,0,0,0
"575","Hib3",2014,1,"female","ETH","Ethiopia",0,0,0,0
"576","Hib3",2015,1,"female","ETH","Ethiopia",0,0,0,0
"577","Hib3",2016,1,"female","ETH","Ethiopia",0,0,0,0
"578","Hib3",2017,1,"female","ETH","Ethiopia",0,0,0,0
"579","Hib3",2018,1,"female","ETH","Ethiopia",0,0,0,0
"580","Hib3",2019,1,"female","ETH","Ethiopia",0,0,0,0
"581","Hib3",2020,1,"female","ETH","Ethiopia",0,0,0,0
"582","Hib3",2021,1,"female","ETH","Ethiopia",0,0,0,0
"583","Hib3",2022,1,"female","ETH","Ethiopia",0,0,0,0
"584","Hib3",2023,1,"female","ETH","Ethiopia",0,0,0,0
"585","Hib3",2024,1,"female","ETH","Ethiopia",0,0,0,0
"586","Hib3",2025,1,"female","ETH","Ethiopia",0,0,0,0
"587","Hib3",2026,1,"female","ETH","Ethiopia",0,0,0,0
"588","Hib3",2027,1,"female","ETH","Ethiopia",0,0,0,0
"589","Hib3",2028,1,"female","ETH","Ethiopia",0,0,0,0
"590","Hib3",2029,1,"female","ETH","Ethiopia",0,0,0,0
"591","Hib3",2030,1,"female","ETH","Ethiopia",0,0,0,0
"592","Hib3",2031,1,"female","ETH","Ethiopia",0,0,0,0
"593","Hib3",2032,1,"female","ETH","Ethiopia",0,0,0,0
"594","Hib3",2033,1,"female","ETH","Ethiopia",0,0,0,0
"595","Hib3",2034,1,"female","ETH","Ethiopia",0,0,0,0
"596","Hib3",2000,2,"female","ETH","Ethiopia",0,0,0,0
"597","Hib3",2001,2,"female","ETH","Ethiopia",0,0,0,0
"598","Hib3",2002,2,"female","ETH","Ethiopia",0,0,0,0
"599","Hib3",2003,2,"female","ETH","Ethiopia",0,0,0,0
"600","Hib3",2004,2,"female","ETH","Ethiopia",0,0,0,0
"601","Hib3",2005,2,"female","ETH","Ethiopia",0,0,0,0
"602","Hib3",2006,2,"female","ETH","Ethiopia",0,0,0,0
"603","Hib3",2007,2,"female","ETH","Ethiopia",0,0,0,0
"604","Hib3",2008,2,"female","ETH","Ethiopia",0,0,0,0
"605","Hib3",2009,2,"female","ETH","Ethiopia",0,0,0,0
"606","Hib3",2010,2,"female","ETH","Ethiopia",0,0,0,0
"607","Hib3",2011,2,"female","ETH","Ethiopia",0,0,0,0
"608","Hib3",2012,2,"female","ETH","Ethiopia",0,0,0,0
"609","Hib3",2013,2,"female","ETH","Ethiopia",0,0,0,0
"610","Hib3",2014,2,"female","ETH","Ethiopia",0,0,0,0
"611","Hib3",2015,2,"female","ETH","Ethiopia",0,0,0,0
"612","Hib3",2016,2,"female","ETH","Ethiopia",0,0,0,0
"613","Hib3",2017,2,"female","ETH","Ethiopia",0,0,0,0
"614","Hib3",2018,2,"female","ETH","Ethiopia",0,0,0,0
"615","Hib3",2019,2,"female","ETH","Ethiopia",0,0,0,0
"616","Hib3",2020,2,"female","ETH","Ethiopia",0,0,0,0
"617","Hib3",2021,2,"female","ETH","Ethiopia",0,0,0,0
"618","Hib3",2022,2,"female","ETH","Ethiopia",0,0,0,0
"619","Hib3",2023,2,"female","ETH","Ethiopia",0,0,0,0
"620","Hib3",2024,2,"female","ETH","Ethiopia",0,0,0,0
"621","Hib3",2025,2,"female","ETH","Ethiopia",0,0,0,0
"622","Hib3",2026,2,"female","ETH","Ethiopia",0,0,0,0
"623","Hib3",2027,2,"female","ETH","Ethiopia",0,0,0,0
"624","Hib3",2028,2,"female","ETH","Ethiopia",0,0,0,0
"625","Hib3",2029,2,"female","ETH","Ethiopia",0,0,0,0
"626","Hib3",2030,2,"female","ETH","Ethiopia",0,0,0,0
"627","Hib3",2031,2,"female","ETH","Ethiopia",0,0,0,0
"628","Hib3",2032,2,"female","ETH","Ethiopia",0,0,0,0
"629","Hib3",2033,2,"female","ETH","Ethiopia",0,0,0,0
"630","Hib3",2034,2,"female","ETH","Ethiopia",0,0,0,0
"631","Hib3",2000,3,"female","ETH","Ethiopia",0,0,0,0
"632","Hib3",2001,3,"female","ETH","Ethiopia",0,0,0,0
"633","Hib3",2002,3,"female","ETH","Ethiopia",0,0,0,0
"634","Hib3",2003,3,"female","ETH","Ethiopia",0,0,0,0
"635","Hib3",2004,3,"female","ETH","Ethiopia",0,0,0,0
"636","Hib3",2005,3,"female","ETH","Ethiopia",0,0,0,0
"637","Hib3",2006,3,"female","ETH","Ethiopia",0,0,0,0
"638","Hib3",2007,3,"female","ETH","Ethiopia",0,0,0,0
"639","Hib3",2008,3,"female","ETH","Ethiopia",0,0,0,0
"640","Hib3",2009,3,"female","ETH","Ethiopia",0,0,0,0
"641","Hib3",2010,3,"female","ETH","Ethiopia",0,0,0,0
"642","Hib3",2011,3,"female","ETH","Ethiopia",0,0,0,0
"643","Hib3",2012,3,"female","ETH","Ethiopia",0,0,0,0
"644","Hib3",2013,3,"female","ETH","Ethiopia",0,0,0,0
"645","Hib3",2014,3,"female","ETH","Ethiopia",0,0,0,0
"646","Hib3",2015,3,"female","ETH","Ethiopia",0,0,0,0
"647","Hib3",2016,3,"female","ETH","Ethiopia",0,0,0,0
"648","Hib3",2017,3,"female","ETH","Ethiopia",0,0,0,0
"649","Hib3",2018,3,"female","ETH","Ethiopia",0,0,0,0
"650","Hib3",2019,3,"female","ETH","Ethiopia",0,0,0,0
"651","Hib3",2020,3,"female","ETH","Ethiopia",0,0,0,0
"652","Hib3",2021,3,"female","ETH","Ethiopia",0,0,0,0
"653","Hib3",2022,3,"female","ETH","Ethiopia",0,0,0,0
"654","Hib3",2023,3,"female","ETH","Ethiopia",0,0,0,0
"655","Hib3",2024,3,"female","ETH","Ethiopia",0,0,0,0
"656","Hib3",2025,3,"female","ETH","Ethiopia",0,0,0,0
"657","Hib3",2026,3,"female","ETH","Ethiopia",0,0,0,0
"658","Hib3",2027,3,"female","ETH","Ethiopia",0,0,0,0
"659","Hib3",2028,3,"female","ETH","Ethiopia",0,0,0,0
"660","Hib3",2029,3,"female","ETH","Ethiopia",0,0,0,0
"661","Hib3",2030,3,"female","ETH","Ethiopia",0,0,0,0
"662","Hib3",2031,3,"female","ETH","Ethiopia",0,0,0,0
"663","Hib3",2032,3,"female","ETH","Ethiopia",0,0,0,0
"664","Hib3",2033,3,"female","ETH","Ethiopia",0,0,0,0
"665","Hib3",2034,3,"female","ETH","Ethiopia",0,0,0,0
"666","Hib3",2000,4,"female","ETH","Ethiopia",0,0,0,0
"667","Hib3",2001,4,"female","ETH","Ethiopia",0,0,0,0
"668","Hib3",2002,4,"female","ETH","Ethiopia",0,0,0,0
"669","Hib3",2003,4,"female","ETH","Ethiopia",0,0,0,0
"670","Hib3",2004,4,"female","ETH","Ethiopia",0,0,0,0
"671","Hib3",2005,4,"female","ETH","Ethiopia",0,0,0,0
"672","Hib3",2006,4,"female","ETH","Ethiopia",0,0,0,0
"673","Hib3",2007,4,"female","ETH","Ethiopia",0,0,0,0
"674","Hib3",2008,4,"female","ETH","Ethiopia",0,0,0,0
"675","Hib3",2009,4,"female","ETH","Ethiopia",0,0,0,0
"676","Hib3",2010,4,"female","ETH","Ethiopia",0,0,0,0
"677","Hib3",2011,4,"female","ETH","Ethiopia",0,0,0,0
"678","Hib3",2012,4,"female","ETH","Ethiopia",0,0,0,0
"679","Hib3",2013,4,"female","ETH","Ethiopia",0,0,0,0
"680","Hib3",2014,4,"female","ETH","Ethiopia",0,0,0,0
"681","Hib3",2015,4,"female","ETH","Ethiopia",0,0,0,0
"682","Hib3",2016,4,"female","ETH","Ethiopia",0,0,0,0
"683","Hib3",2017,4,"female","ETH","Ethiopia",0,0,0,0
"684","Hib3",2018,4,"female","ETH","Ethiopia",0,0,0,0
"685","Hib3",2019,4,"female","ETH","Ethiopia",0,0,0,0
"686","Hib3",2020,4,"female","ETH","Ethiopia",0,0,0,0
"687","Hib3",2021,4,"female","ETH","Ethiopia",0,0,0,0
"688","Hib3",2022,4,"female","ETH","Ethiopia",0,0,0,0
"689","Hib3",2023,4,"female","ETH","Ethiopia",0,0,0,0
"690","Hib3",2024,4,"female","ETH","Ethiopia",0,0,0,0
"691","Hib3",2025,4,"female","ETH","Ethiopia",0,0,0,0
"692","Hib3",2026,4,"female","ETH","Ethiopia",0,0,0,0
"693","Hib3",2027,4,"female","ETH","Ethiopia",0,0,0,0
"694","Hib3",2028,4,"female","ETH","Ethiopia",0,0,0,0
"695","Hib3",2029,4,"female","ETH","Ethiopia",0,0,0,0
"696","Hib3",2030,4,"female","ETH","Ethiopia",0,0,0,0
"697","Hib3",2031,4,"female","ETH","Ethiopia",0,0,0,0
"698","Hib3",2032,4,"female","ETH","Ethiopia",0,0,0,0
"699","Hib3",2033,4,"female","ETH","Ethiopia",0,0,0,0
"700","Hib3",2034,4,"female","ETH","Ethiopia",0,0,0,0
"701","Hib3",2000,0,"male","IND","India",0,0,0,0
"702","Hib3",2001,0,"male","IND","India",0,0,0,0
"703","Hib3",2002,0,"male","IND","India",0,0,0,0
"704","Hib3",2003,0,"male","IND","India",0,0,0,0
"705","Hib3",2004,0,"male","IND","India",0,0,0,0
"706","Hib3",2005,0,"male","IND","India",0,0,0,0
"707","Hib3",2006,0,"male","IND","India",0,0,0,0
"708","Hib3",2007,0,"male","IND","India",0,0,0,0
"709","Hib3",2008,0,"male","IND","India",0,0,0,0
"710","Hib3",2009,0,"male","IND","India",0,0,0,0
"711","Hib3",2010,0,"male","IND","India",0,0,0,0
"712","Hib3",2011,0,"male","IND","India",0,0,0,0
"713","Hib3",2012,0,"male","IND","India",0,0,0,0
"714","Hib3",2013,0,"male","IND","India",0,0,0,0
"715","Hib3",2014,0,"male","IND","India",0,0,0,0
"716","Hib3",2015,0,"male","IND","India",0,0,0,0
"717","Hib3",2016,0,"male","IND","India",0,0,0,0
"718","Hib3",2017,0,"male","IND","India",0,0,0,0
"719","Hib3",2018,0,"male","IND","India",0,0,0,0
"720","Hib3",2019,0,"male","IND","India",0,0,0,0
"721","Hib3",2020,0,"male","IND","India",0,0,0,0
"722","Hib3",2021,0,"male","IND","India",0,0,0,0
"723","Hib3",2022,0,"male","IND","India",0,0,0,0
"724","Hib3",2023,0,"male","IND","India",0,0,0,0
"725","Hib3",2024,0,"male","IND","India",0,0,0,0
"726","Hib3",2025,0,"male","IND","India",0,0,0,0
"727","Hib3",2026,0,"male","IND","India",0,0,0,0
"728","Hib3",2027,0,"male","IND","India",0,0,0,0
"729","Hib3",2028,0,"male","IND","India",0,0,0,0
"730","Hib3",2029,0,"male","IND","India",0,0,0,0
"731","Hib3",2030,0,"male","IND","India",0,0,0,0
"732","Hib3",2031,0,"male","IND","India",0,0,0,0
"733","Hib3",2032,0,"male","IND","India",0,0,0,0
"734","Hib3",2033,0,"male","IND","India",0,0,0,0
"735","Hib3",2034,0,"male","IND","India",0,0,0,0
"736","Hib3",2000,1,"male","IND","India",0,0,0,0
"737","Hib3",2001,1,"male","IND","India",0,0,0,0
"738","Hib3",2002,1,"male","IND","India",0,0,0,0
"739","Hib3",2003,1,"male","IND","India",0,0,0,0
"740","Hib3",2004,1,"male","IND","India",0,0,0,0
"741","Hib3",2005,1,"male","IND","India",0,0,0,0
"742","Hib3",2006,1,"male","IND","India",0,0,0,0
"743","Hib3",2007,1,"male","IND","India",0,0,0,0
"744","Hib3",2008,1,"male","IND","India",0,0,0,0
"745","Hib3",2009,1,"male","IND","India",0,0,0,0
"746","Hib3",2010,1,"male","IND","India",0,0,0,0
"747","Hib3",2011,1,"male","IND","India",0,0,0,0
"748","Hib3",2012,1,"male","IND","India",0,0,0,0
"749","Hib3",2013,1,"male","IND","India",0,0,0,0
"750","Hib3",2014,1,"male","IND","India",0,0,0,0
"751","Hib3",2015,1,"male","IND","India",0,0,0,0
"752","Hib3",2016,1,"male","IND","India",0,0,0,0
"753","Hib3",2017,1,"male","IND","India",0,0,0,0
"754","Hib3",2018,1,"male","IND","India",0,0,0,0
"755","Hib3",2019,1,"male","IND","India",0,0,0,0
"756","Hib3",2020,1,"male","IND","India",0,0,0,0
"757","Hib3",2021,1,"male","IND","India",0,0,0,0
"758","Hib3",2022,1,"male","IND","India",0,0,0,0
"759","Hib3",2023,1,"male","IND","India",0,0,0,0
"760","Hib3",2024,1,"male","IND","India",0,0,0,0
"761","Hib3",2025,1,"male","IND","India",0,0,0,0
"762","Hib3",2026,1,"male","IND","India",0,0,0,0
"763","Hib3",2027,1,"male","IND","India",0,0,0,0
"764","Hib3",2028,1,"male","IND","India",0,0,0,0
"765","Hib3",2029,1,"male","IND","India",0,0,0,0
"766","Hib3",2030,1,"male","IND","India",0,0,0,0
"767","Hib3",2031,1,"male","IND","India",0,0,0,0
"768","Hib3",2032,1,"male","IND","India",0,0,0,0
"769","Hib3",2033,1,"male","IND","India",0,0,0,0
"770","Hib3",2034,1,"male","IND","India",0,0,0,0
"771","Hib3",2000,2,"male","IND","India",0,0,0,0
"772","Hib3",2001,2,"male","IND","India",0,0,0,0
"773","Hib3",2002,2,"male","IND","India",0,0,0,0
"774","Hib3",2003,2,"male","IND","India",0,0,0,0
"775","Hib3",2004,2,"male","IND","India",0,0,0,0
"776","Hib3",2005,2,"male","IND","India",0,0,0,0
"777","Hib3",2006,2,"male","IND","India",0,0,0,0
"778","Hib3",2007,2,"male","IND","India",0,0,0,0
"779","Hib3",2008,2,"male","IND","India",0,0,0,0
"780","Hib3",2009,2,"male","IND","India",0,0,0,0
"781","Hib3",2010,2,"male","IND","India",0,0,0,0
"782","Hib3",2011,2,"male","IND","India",0,0,0,0
"783","Hib3",2012,2,"male","IND","India",0,0,0,0
"784","Hib3",2013,2,"male","IND","India",0,0,0,0
"785","Hib3",2014,2,"male","IND","India",0,0,0,0
"786","Hib3",2015,2,"male","IND","India",0,0,0,0
"787","Hib3",2016,2,"male","IND","India",0,0,0,0
"788","Hib3",2017,2,"male","IND","India",0,0,0,0
"789","Hib3",2018,2,"male","IND","India",0,0,0,0
"790","Hib3",2019,2,"male","IND","India",0,0,0,0
"791","Hib3",2020,2,"male","IND","India",0,0,0,0
"792","Hib3",2021,2,"male","IND","India",0,0,0,0
"793","Hib3",2022,2,"male","IND","India",0,0,0,0
"794","Hib3",2023,2,"male","IND","India",0,0,0,0
"795","Hib3",2024,2,"male","IND","India",0,0,0,0
"796","Hib3",2025,2,"male","IND","India",0,0,0,0
"797","Hib3",2026,2,"male","IND","India",0,0,0,0
"798","Hib3",2027,2,"male","IND","India",0,0,0,0
"799","Hib3",2028,2,"male","IND","India",0,0,0,0
"800","Hib3",2029,2,"male","IND","India",0,0,0,0
"801","Hib3",2030,2,"male","IND","India",0,0,0,0
"802","Hib3",2031,2,"male","IND","India",0,0,0,0
"803","Hib3",2032,2,"male","IND","India",0,0,0,0
"804","Hib3",2033,2,"male","IND","India",0,0,0,0
"805","Hib3",2034,2,"male","IND","India",0,0,0,0
"806","Hib3",2000,3,"male","IND","India",0,0,0,0
"807","Hib3",2001,3,"male","IND","India",0,0,0,0
"808","Hib3",2002,3,"male","IND","India",0,0,0,0
"809","Hib3",2003,3,"male","IND","India",0,0,0,0
"810","Hib3",2004,3,"male","IND","India",0,0,0,0
"811","Hib3",2005,3,"male","IND","India",0,0,0,0
"812","Hib3",2006,3,"male","IND","India",0,0,0,0
"813","Hib3",2007,3,"male","IND","India",0,0,0,0
"814","Hib3",2008,3,"male","IND","India",0,0,0,0
"815","Hib3",2009,3,"male","IND","India",0,0,0,0
"816","Hib3",2010,3,"male","IND","India",0,0,0,0
"817","Hib3",2011,3,"male","IND","India",0,0,0,0
"818","Hib3",2012,3,"male","IND","India",0,0,0,0
"819","Hib3",2013,3,"male","IND","India",0,0,0,0
"820","Hib3",2014,3,"male","IND","India",0,0,0,0
"821","Hib3",2015,3,"male","IND","India",0,0,0,0
"822","Hib3",2016,3,"male","IND","India",0,0,0,0
"823","Hib3",2017,3,"male","IND","India",0,0,0,0
"824","Hib3",2018,3,"male","IND","India",0,0,0,0
"825","Hib3",2019,3,"male","IND","India",0,0,0,0
"826","Hib3",2020,3,"male","IND","India",0,0,0,0
"827","Hib3",2021,3,"male","IND","India",0,0,0,0
"828","Hib3",2022,3,"male","IND","India",0,0,0,0
"829","Hib3",2023,3,"male","IND","India",0,0,0,0
"830","Hib3",2024,3,"male","IND","India",0,0,0,0
"831","Hib3",2025,3,"male","IND","India",0,0,0,0
"832","Hib3",2026,3,"male","IND","India",0,0,0,0
"833","Hib3",2027,3,"male","IND","India",0,0,0,0
"834","Hib3",2028,3,"male","IND","India",0,0,0,0
"835","Hib3",2029,3,"male","IND","India",0,0,0,0
"836","Hib3",2030,3,"male","IND","India",0,0,0,0
"837","Hib3",2031,3,"male","IND","India",0,0,0,0
"838","Hib3",2032,3,"male","IND","India",0,0,0,0
"839","Hib3",2033,3,"male","IND","India",0,0,0,0
"840","Hib3",2034,3,"male","IND","India",0,0,0,0
"841","Hib3",2000,4,"male","IND","India",0,0,0,0
"842","Hib3",2001,4,"male","IND","India",0,0,0,0
"843","Hib3",2002,4,"male","IND","India",0,0,0,0
"844","Hib3",2003,4,"male","IND","India",0,0,0,0
"845","Hib3",2004,4,"male","IND","India",0,0,0,0
"846","Hib3",2005,4,"male","IND","India",0,0,0,0
"847","Hib3",2006,4,"male","IND","India",0,0,0,0
"848","Hib3",2007,4,"male","IND","India",0,0,0,0
"849","Hib3",2008,4,"male","IND","India",0,0,0,0
"850","Hib3",2009,4,"male","IND","India",0,0,0,0
"851","Hib3",2010,4,"male","IND","India",0,0,0,0
"852","Hib3",2011,4,"male","IND","India",0,0,0,0
"853","Hib3",2012,4,"male","IND","India",0,0,0,0
"854","Hib3",2013,4,"male","IND","India",0,0,0,0
"855","Hib3",2014,4,"male","IND","India",0,0,0,0
"856","Hib3",2015,4,"male","IND","India",0,0,0,0
"857","Hib3",2016,4,"male","IND","India",0,0,0,0
"858","Hib3",2017,4,"male","IND","India",0,0,0,0
"859","Hib3",2018,4,"male","IND","India",0,0,0,0
"860","Hib3",2019,4,"male","IND","India",0,0,0,0
"861","Hib3",2020,4,"male","IND","India",0,0,0,0
"862","Hib3",2021,4,"male","IND","India",0,0,0,0
"863","Hib3",2022,4,"male","IND","India",0,0,0,0
"864","Hib3",2023,4,"male","IND","India",0,0,0,0
"865","Hib3",2024,4,"male","IND","India",0,0,0,0
"866","Hib3",2025,4,"male","IND","India",0,0,0,0
"867","Hib3",2026,4,"male","IND","India",0,0,0,0
"868","Hib3",2027,4,"male","IND","India",0,0,0,0
"869","Hib3",2028,4,"male","IND","India",0,0,0,0
"870","Hib3",2029,4,"male","IND","India",0,0,0,0
"871","Hib3",2030,4,"male","IND","India",0,0,0,0
"872","Hib3",2031,4,"male","IND","India",0,0,0,0
"873","Hib3",2032,4,"male","IND","India",0,0,0,0
"874","Hib3",2033,4,"male","IND","India",0,0,0,0
"875","Hib3",2034,4,"male","IND","India",0,0,0,0
"876","Hib3",2000,0,"female","IND","India",0,0,0,0
"877","Hib3",2001,0,"female","IND","India",0,0,0,0
"878","Hib3",2002,0,"female","IND","India",0,0,0,0
"879","Hib3",2003,0,"female","IND","India",0,0,0,0
"880","Hib3",2004,0,"female","IND","India",0,0,0,0
"881","Hib3",2005,0,"female","IND","India",0,0,0,0
"882","Hib3",2006,0,"female","IND","India",0,0,0,0
"883","Hib3",2007,0,"female","IND","India",0,0,0,0
"884","Hib3",2008,0,"female","IND","India",0,0,0,0
"885","Hib3",2009,0,"female","IND","India",0,0,0,0
"886","Hib3",2010,0,"female","IND","India",0,0,0,0
"887","Hib3",2011,0,"female","IND","India",0,0,0,0
"888","Hib3",2012,0,"female","IND","India",0,0,0,0
"889","Hib3",2013,0,"female","IND","India",0,0,0,0
"890","Hib3",2014,0,"female","IND","India",0,0,0,0
"891","Hib3",2015,0,"female","IND","India",0,0,0,0
"892","Hib3",2016,0,"female","IND","India",0,0,0,0
"893","Hib3",2017,0,"female","IND","India",0,0,0,0
"894","Hib3",2018,0,"female","IND","India",0,0,0,0
"895","Hib3",2019,0,"female","IND","India",0,0,0,0
"896","Hib3",2020,0,"female","IND","India",0,0,0,0
"897","Hib3",2021,0,"female","IND","India",0,0,0,0
"898","Hib3",2022,0,"female","IND","India",0,0,0,0
"899","Hib3",2023,0,"female","IND","India",0,0,0,0
"900","Hib3",2024,0,"female","IND","India",0,0,0,0
"901","Hib3",2025,0,"female","IND","India",0,0,0,0
"902","Hib3",2026,0,"female","IND","India",0,0,0,0
"903","Hib3",2027,0,"female","IND","India",0,0,0,0
"904","Hib3",2028,0,"female","IND","India",0,0,0,0
"905","Hib3",2029,0,"female","IND","India",0,0,0,0
"906","Hib3",2030,0,"female","IND","India",0,0,0,0
"907","Hib3",2031,0,"female","IND","India",0,0,0,0
"908","Hib3",2032,0,"female","IND","India",0,0,0,0
"909","Hib3",2033,0,"female","IND","India",0,0,0,0
"910","Hib3",2034,0,"female","IND","India",0,0,0,0
"911","Hib3",2000,1,"female","IND","India",0,0,0,0
"912","Hib3",2001,1,"female","IND","India",0,0,0,0
"913","Hib3",2002,1,"female","IND","India",0,0,0,0
"914","Hib3",2003,1,"female","IND","India",0,0,0,0
"915","Hib3",2004,1,"female","IND","India",0,0,0,0
"916","Hib3",2005,1,"female","IND","India",0,0,0,0
"917","Hib3",2006,1,"female","IND","India",0,0,0,0
"918","Hib3",2007,1,"female","IND","India",0,0,0,0
"919","Hib3",2008,1,"female","IND","India",0,0,0,0
"920","Hib3",2009,1,"female","IND","India",0,0,0,0
"921","Hib3",2010,1,"female","IND","India",0,0,0,0
"922","Hib3",2011,1,"female","IND","India",0,0,0,0
"923","Hib3",2012,1,"female","IND","India",0,0,0,0
"924","Hib3",2013,1,"female","IND","India",0,0,0,0
"925","Hib3",2014,1,"female","IND","India",0,0,0,0
"926","Hib3",2015,1,"female","IND","India",0,0,0,0
"927","Hib3",2016,1,"female","IND","India",0,0,0,0
"928","Hib3",2017,1,"female","IND","India",0,0,0,0
"929","Hib3",2018,1,"female","IND","India",0,0,0,0
"930","Hib3",2019,1,"female","IND","India",0,0,0,0
"931","Hib3",2020,1,"female","IND","India",0,0,0,0
"932","Hib3",2021,1,"female","IND","India",0,0,0,0
"933","Hib3",2022,1,"female","IND","India",0,0,0,0
"934","Hib3",2023,1,"female","IND","India",0,0,0,0
"935","Hib3",2024,1,"female","IND","India",0,0,0,0
"936","Hib3",2025,1,"female","IND","India",0,0,0,0
"937","Hib3",2026,1,"female","IND","India",0,0,0,0
"938","Hib3",2027,1,"female","IND","India",0,0,0,0
"939","Hib3",2028,1,"female","IND","India",0,0,0,0
"940","Hib3",2029,1,"female","IND","India",0,0,0,0
"941","Hib3",2030,1,"female","IND","India",0,0,0,0
"942","Hib3",2031,1,"female","IND","India",0,0,0,0
"943","Hib3",2032,1,"female","IND","India",0,0,0,0
"944","Hib3",2033,1,"female","IND","India",0,0,0,0
"945","Hib3",2034,1,"female","IND","India",0,0,0,0
"946","Hib3",2000,2,"female","IND","India",0,0,0,0
"947","Hib3",2001,2,"female","IND","India",0,0,0,0
"948","Hib3",2002,2,"female","IND","India",0,0,0,0
"949","Hib3",2003,2,"female","IND","India",0,0,0,0
"950","Hib3",2004,2,"female","IND","India",0,0,0,0
"951","Hib3",2005,2,"female","IND","India",0,0,0,0
"952","Hib3",2006,2,"female","IND","India",0,0,0,0
"953","Hib3",2007,2,"female","IND","India",0,0,0,0
"954","Hib3",2008,2,"female","IND","India",0,0,0,0
"955","Hib3",2009,2,"female","IND","India",0,0,0,0
"956","Hib3",2010,2,"female","IND","India",0,0,0,0
"957","Hib3",2011,2,"female","IND","India",0,0,0,0
"958","Hib3",2012,2,"female","IND","India",0,0,0,0
"959","Hib3",2013,2,"female","IND","India",0,0,0,0
"960","Hib3",2014,2,"female","IND","India",0,0,0,0
"961","Hib3",2015,2,"female","IND","India",0,0,0,0
"962","Hib3",2016,2,"female","IND","India",0,0,0,0
"963","Hib3",2017,2,"female","IND","India",0,0,0,0
"964","Hib3",2018,2,"female","IND","India",0,0,0,0
"965","Hib3",2019,2,"female","IND","India",0,0,0,0
"966","Hib3",2020,2,"female","IND","India",0,0,0,0
"967","Hib3",2021,2,"female","IND","India",0,0,0,0
"968","Hib3",2022,2,"female","IND","India",0,0,0,0
"969","Hib3",2023,2,"female","IND","India",0,0,0,0
"970","Hib3",2024,2,"female","IND","India",0,0,0,0
"971","Hib3",2025,2,"female","IND","India",0,0,0,0
"972","Hib3",2026,2,"female","IND","India",0,0,0,0
"973","Hib3",2027,2,"female","IND","India",0,0,0,0
"974","Hib3",2028,2,"female","IND","India",0,0,0,0
"975","Hib3",2029,2,"female","IND","India",0,0,0,0
"976","Hib3",2030,2,"female","IND","India",0,0,0,0
"977","Hib3",2031,2,"female","IND","India",0,0,0,0
"978","Hib3",2032,2,"female","IND","India",0,0,0,0
"979","Hib3",2033,2,"female","IND","India",0,0,0,0
"980","Hib3",2034,2,"female","IND","India",0,0,0,0
"981","Hib3",2000,3,"female","IND","India",0,0,0,0
"982","Hib3",2001,3,"female","IND","India",0,0,0,0
"983","Hib3",2002,3,"female","IND","India",0,0,0,0
"984","Hib3",2003,3,"female","IND","India",0,0,0,0
"985","Hib3",2004,3,"female","IND","India",0,0,0,0
"986","Hib3",2005,3,"female","IND","India",0,0,0,0
"987","Hib3",2006,3,"female","IND","India",0,0,0,0
"988","Hib3",2007,3,"female","IND","India",0,0,0,0
"989","Hib3",2008,3,"female","IND","India",0,0,0,0
"990","Hib3",2009,3,"female","IND","India",0,0,0,0
"991","Hib3",2010,3,"female","IND","India",0,0,0,0
"992","Hib3",2011,3,"female","IND","India",0,0,0,0
"993","Hib3",2012,3,"female","IND","India",0,0,0,0
"994","Hib3",2013,3,"female","IND","India",0,0,0,0
"995","Hib3",2014,3,"female","IND","India",0,0,0,0
"996","Hib3",2015,3,"female","IND","India",0,0,0,0
"997","Hib3",2016,3,"female","IND","India",0,0,0,0
"998","Hib3",2017,3,"female","IND","India",0,0,0,0
"999","Hib3",2018,3,"female","IND","India",0,0,0,0
"1000","Hib3",2019,3,"female","IND","India",0,0,0,0
"1001","Hib3",2020,3,"female","IND","India",0,0,0,0
"1002","Hib3",2021,3,"female","IND","India",0,0,0,0
"1003","Hib3",2022,3,"female","IND","India",0,0,0,0
"1004","Hib3",2023,3,"female","IND","India",0,0,0,0
"1005","Hib3",2024,3,"female","IND","India",0,0,0,0
"1006","Hib3",2025,3,"female","IND","India",0,0,0,0
"1007","Hib3",2026,3,"female","IND","India",0,0,0,0
"1008","Hib3",2027,3,"female","IND","India",0,0,0,0
"1009","Hib3",2028,3,"female","IND","India",0,0,0,0
"1010","Hib3",2029,3,"female","IND","India",0,0,0,0
"1011","Hib3",2030,3,"female","IND","India",0,0,0,0
"1012","Hib3",2031,3,"female","IND","India",0,0,0,0
"1013","Hib3",2032,3,"female","IND","India",0,0,0,0
"1014","Hib3",2033,3,"female","IND","India",0,0,0,0
"1015","Hib3",2034,3,"female","IND","India",0,0,0,0
"1016","Hib3",2000,4,"female","IND","India",0,0,0,0
"1017","Hib3",2001,4,"female","IND","India",0,0,0,0
"1018","Hib3",2002,4,"female","IND","India",0,0,0,0
"1019","Hib3",2003,4,"female","IND","India",0,0,0,0
"1020","Hib3",2004,4,"female","IND","India",0,0,0,0
"1021","Hib3",2005,4,"female","IND","India",0,0,0,0
"1022","Hib3",2006,4,"female","IND","India",0,0,0,0
"1023","Hib3",2007,4,"female","IND","India",0,0,0,0
"1024","Hib3",2008,4,"female","IND","India",0,0,0,0
"1025","Hib3",2009,4,"female","IND","India",0,0,0,0
"1026","Hib3",2010,4,"female","IND","India",0,0,0,0
"1027","Hib3",2011,4,"female","IND","India",0,0,0,0
"1028","Hib3",2012,4,"female","IND","India",0,0,0,0
"1029","Hib3",2013,4,"female","IND","India",0,0,0,0
"1030","Hib3",2014,4,"female","IND","India",0,0,0,0
"1031","Hib3",2015,4,"female","IND","India",0,0,0,0
"1032","Hib3",2016,4,"female","IND","India",0,0,0,0
"1033","Hib3",2017,4,"female","IND","India",0,0,0,0
"1034","Hib3",2018,4,"female","IND","India",0,0,0,0
"1035","Hib3",2019,4,"female","IND","India",0,0,0,0
"1036","Hib3",2020,4,"female","IND","India",0,0,0,0
"1037","Hib3",2021,4,"female","IND","India",0,0,0,0
"1038","Hib3",2022,4,"female","IND","India",0,0,0,0
"1039","Hib3",2023,4,"female","IND","India",0,0,0,0
"1040","Hib3",2024,4,"female","IND","India",0,0,0,0
"1041","Hib3",2025,4,"female","IND","India",0,0,0,0
"1042","Hib3",2026,4,"female","IND","India",0,0,0,0
"1043","Hib3",2027,4,"female","IND","India",0,0,0,0
"1044","Hib3",2028,4,"female","IND","India",0,0,0,0
"1045","Hib3",2029,4,"female","IND","India",0,0,0,0
"1046","Hib3",2030,4,"female","IND","India",0,0,0,0
"1047","Hib3",2031,4,"female","IND","India",0,0,0,0
"1048","Hib3",2032,4,"female","IND","India",0,0,0,0
"1049","Hib3",2033,4,"female","IND","India",0,0,0,0
"1050","Hib3",2034,4,"female","IND","India",0,0,0,0
"1051","Hib3",2000,0,"male","PAK","Pakistan",0,0,0,0
"1052","Hib3",2001,0,"male","PAK","Pakistan",0,0,0,0
"1053","Hib3",2002,0,"male","PAK","Pakistan",0,0,0,0
"1054","Hib3",2003,0,"male","PAK","Pakistan",0,0,0,0
"1055","Hib3",2004,0,"male","PAK","Pakistan",0,0,0,0
"1056","Hib3",2005,0,"male","PAK","Pakistan",0,0,0,0
"1057","Hib3",2006,0,"male","PAK","Pakistan",0,0,0,0
"1058","Hib3",2007,0,"male","PAK","Pakistan",0,0,0,0
"1059","Hib3",2008,0,"male","PAK","Pakistan",0,0,0,0
"1060","Hib3",2009,0,"male","PAK","Pakistan",0,0,0,0
"1061","Hib3",2010,0,"male","PAK","Pakistan",0,0,0,0
"1062","Hib3",2011,0,"male","PAK","Pakistan",0,0,0,0
"1063","Hib3",2012,0,"male","PAK","Pakistan",0,0,0,0
"1064","Hib3",2013,0,"male","PAK","Pakistan",0,0,0,0
"1065","Hib3",2014,0,"male","PAK","Pakistan",0,0,0,0
"1066","Hib3",2015,0,"male","PAK","Pakistan",0,0,0,0
"1067","Hib3",2016,0,"male","PAK","Pakistan",0,0,0,0
"1068","Hib3",2017,0,"male","PAK","Pakistan",0,0,0,0
"1069","Hib3",2018,0,"male","PAK","Pakistan",0,0,0,0
"1070","Hib3",2019,0,"male","PAK","Pakistan",0,0,0,0
"1071","Hib3",2020,0,"male","PAK","Pakistan",0,0,0,0
"1072","Hib3",2021,0,"male","PAK","Pakistan",0,0,0,0
"1073","Hib3",2022,0,"male","PAK","Pakistan",0,0,0,0
"1074","Hib3",2023,0,"male","PAK","Pakistan",0,0,0,0
"1075","Hib3",2024,0,"male","PAK","Pakistan",0,0,0,0
"1076","Hib3",2025,0,"male","PAK","Pakistan",0,0,0,0
"1077","Hib3",2026,0,"male","PAK","Pakistan",0,0,0,0
"1078","Hib3",2027,0,"male","PAK","Pakistan",0,0,0,0
"1079","Hib3",2028,0,"male","PAK","Pakistan",0,0,0,0
"1080","Hib3",2029,0,"male","PAK","Pakistan",0,0,0,0
"1081","Hib3",2030,0,"male","PAK","Pakistan",0,0,0,0
"1082","Hib3",2031,0,"male","PAK","Pakistan",0,0,0,0
"1083","Hib3",2032,0,"male","PAK","Pakistan",0,0,0,0
"1084","Hib3",2033,0,"male","PAK","Pakistan",0,0,0,0
"1085","Hib3",2034,0,"male","PAK","Pakistan",0,0,0,0
"1086","Hib3",2000,1,"male","PAK","Pakistan",0,0,0,0
"1087","Hib3",2001,1,"male","PAK","Pakistan",0,0,0,0
"1088","Hib3",2002,1,"male","PAK","Pakistan",0,0,0,0
"1089","Hib3",2003,1,"male","PAK","Pakistan",0,0,0,0
"1090","Hib3",2004,1,"male","PAK","Pakistan",0,0,0,0
"1091","Hib3",2005,1,"male","PAK","Pakistan",0,0,0,0
"1092","Hib3",2006,1,"male","PAK","Pakistan",0,0,0,0
"1093","Hib3",2007,1,"male","PAK","Pakistan",0,0,0,0
"1094","Hib3",2008,1,"male","PAK","Pakistan",0,0,0,0
"1095","Hib3",2009,1,"male","PAK","Pakistan",0,0,0,0
"1096","Hib3",2010,1,"male","PAK","Pakistan",0,0,0,0
"1097","Hib3",2011,1,"male","PAK","Pakistan",0,0,0,0
"1098","Hib3",2012,1,"male","PAK","Pakistan",0,0,0,0
"1099","Hib3",2013,1,"male","PAK","Pakistan",0,0,0,0
"1100","Hib3",2014,1,"male","PAK","Pakistan",0,0,0,0
"1101","Hib3",2015,1,"male","PAK","Pakistan",0,0,0,0
"1102","Hib3",2016,1,"male","PAK","Pakistan",0,0,0,0
"1103","Hib3",2017,1,"male","PAK","Pakistan",0,0,0,0
"1104","Hib3",2018,1,"male","PAK","Pakistan",0,0,0,0
"1105","Hib3",2019,1,"male","PAK","Pakistan",0,0,0,0
"1106","Hib3",2020,1,"male","PAK","Pakistan",0,0,0,0
"1107","Hib3",2021,1,"male","PAK","Pakistan",0,0,0,0
"1108","Hib3",2022,1,"male","PAK","Pakistan",0,0,0,0
"1109","Hib3",2023,1,"male","PAK","Pakistan",0,0,0,0
"1110","Hib3",2024,1,"male","PAK","Pakistan",0,0,0,0
"1111","Hib3",2025,1,"male","PAK","Pakistan",0,0,0,0
"1112","Hib3",2026,1,"male","PAK","Pakistan",0,0,0,0
"1113","Hib3",2027,1,"male","PAK","Pakistan",0,0,0,0
"1114","Hib3",2028,1,"male","PAK","Pakistan",0,0,0,0
"1115","Hib3",2029,1,"male","PAK","Pakistan",0,0,0,0
"1116","Hib3",2030,1,"male","PAK","Pakistan",0,0,0,0
"1117","Hib3",2031,1,"male","PAK","Pakistan",0,0,0,0
"1118","Hib3",2032,1,"male","PAK","Pakistan",0,0,0,0
"1119","Hib3",2033,1,"male","PAK","Pakistan",0,0,0,0
"1120","Hib3",2034,1,"male","PAK","Pakistan",0,0,0,0
"1121","Hib3",2000,2,"male","PAK","Pakistan",0,0,0,0
"1122","Hib3",2001,2,"male","PAK","Pakistan",0,0,0,0
"1123","Hib3",2002,2,"male","PAK","Pakistan",0,0,0,0
"1124","Hib3",2003,2,"male","PAK","Pakistan",0,0,0,0
"1125","Hib3",2004,2,"male","PAK","Pakistan",0,0,0,0
"1126","Hib3",2005,2,"male","PAK","Pakistan",0,0,0,0
"1127","Hib3",2006,2,"male","PAK","Pakistan",0,0,0,0
"1128","Hib3",2007,2,"male","PAK","Pakistan",0,0,0,0
"1129","Hib3",2008,2,"male","PAK","Pakistan",0,0,0,0
"1130","Hib3",2009,2,"male","PAK","Pakistan",0,0,0,0
"1131","Hib3",2010,2,"male","PAK","Pakistan",0,0,0,0
"1132","Hib3",2011,2,"male","PAK","Pakistan",0,0,0,0
"1133","Hib3",2012,2,"male","PAK","Pakistan",0,0,0,0
"1134","Hib3",2013,2,"male","PAK","Pakistan",0,0,0,0
"1135","Hib3",2014,2,"male","PAK","Pakistan",0,0,0,0
"1136","Hib3",2015,2,"male","PAK","Pakistan",0,0,0,0
"1137","Hib3",2016,2,"male","PAK","Pakistan",0,0,0,0
"1138","Hib3",2017,2,"male","PAK","Pakistan",0,0,0,0
"1139","Hib3",2018,2,"male","PAK","Pakistan",0,0,0,0
"1140","Hib3",2019,2,"male","PAK","Pakistan",0,0,0,0
"1141","Hib3",2020,2,"male","PAK","Pakistan",0,0,0,0
"1142","Hib3",2021,2,"male","PAK","Pakistan",0,0,0,0
"1143","Hib3",2022,2,"male","PAK","Pakistan",0,0,0,0
"1144","Hib3",2023,2,"male","PAK","Pakistan",0,0,0,0
"1145","Hib3",2024,2,"male","PAK","Pakistan",0,0,0,0
"1146","Hib3",2025,2,"male","PAK","Pakistan",0,0,0,0
"1147","Hib3",2026,2,"male","PAK","Pakistan",0,0,0,0
"1148","Hib3",2027,2,"male","PAK","Pakistan",0,0,0,0
"1149","Hib3",2028,2,"male","PAK","Pakistan",0,0,0,0
"1150","Hib3",2029,2,"male","PAK","Pakistan",0,0,0,0
"1151","Hib3",2030,2,"male","PAK","Pakistan",0,0,0,0
"1152","Hib3",2031,2,"male","PAK","Pakistan",0,0,0,0
"1153","Hib3",2032,2,"male","PAK","Pakistan",0,0,0,0
"1154","Hib3",2033,2,"male","PAK","Pakistan",0,0,0,0
"1155","Hib3",2034,2,"male","PAK","Pakistan",0,0,0,0
"1156","Hib3",2000,3,"male","PAK","Pakistan",0,0,0,0
"1157","Hib3",2001,3,"male","PAK","Pakistan",0,0,0,0
"1158","Hib3",2002,3,"male","PAK","Pakistan",0,0,0,0
"1159","Hib3",2003,3,"male","PAK","Pakistan",0,0,0,0
"1160","Hib3",2004,3,"male","PAK","Pakistan",0,0,0,0
"1161","Hib3",2005,3,"male","PAK","Pakistan",0,0,0,0
"1162","Hib3",2006,3,"male","PAK","Pakistan",0,0,0,0
"1163","Hib3",2007,3,"male","PAK","Pakistan",0,0,0,0
"1164","Hib3",2008,3,"male","PAK","Pakistan",0,0,0,0
"1165","Hib3",2009,3,"male","PAK","Pakistan",0,0,0,0
"1166","Hib3",2010,3,"male","PAK","Pakistan",0,0,0,0
"1167","Hib3",2011,3,"male","PAK","Pakistan",0,0,0,0
"1168","Hib3",2012,3,"male","PAK","Pakistan",0,0,0,0
"1169","Hib3",2013,3,"male","PAK","Pakistan",0,0,0,0
"1170","Hib3",2014,3,"male","PAK","Pakistan",0,0,0,0
"1171","Hib3",2015,3,"male","PAK","Pakistan",0,0,0,0
"1172","Hib3",2016,3,"male","PAK","Pakistan",0,0,0,0
"1173","Hib3",2017,3,"male","PAK","Pakistan",0,0,0,0
"1174","Hib3",2018,3,"male","PAK","Pakistan",0,0,0,0
"1175","Hib3",2019,3,"male","PAK","Pakistan",0,0,0,0
"1176","Hib3",2020,3,"male","PAK","Pakistan",0,0,0,0
"1177","Hib3",2021,3,"male","PAK","Pakistan",0,0,0,0
"1178","Hib3",2022,3,"male","PAK","Pakistan",0,0,0,0
"1179","Hib3",2023,3,"male","PAK","Pakistan",0,0,0,0
"1180","Hib3",2024,3,"male","PAK","Pakistan",0,0,0,0
"1181","Hib3",2025,3,"male","PAK","Pakistan",0,0,0,0
"1182","Hib3",2026,3,"male","PAK","Pakistan",0,0,0,0
"1183","Hib3",2027,3,"male","PAK","Pakistan",0,0,0,0
"1184","Hib3",2028,3,"male","PAK","Pakistan",0,0,0,0
"1185","Hib3",2029,3,"male","PAK","Pakistan",0,0,0,0
"1186","Hib3",2030,3,"male","PAK","Pakistan",0,0,0,0
"1187","Hib3",2031,3,"male","PAK","Pakistan",0,0,0,0
"1188","Hib3",2032,3,"male","PAK","Pakistan",0,0,0,0
"1189","Hib3",2033,3,"male","PAK","Pakistan",0,0,0,0
"1190","Hib3",2034,3,"male","PAK","Pakistan",0,0,0,0
"1191","Hib3",2000,4,"male","PAK","Pakistan",0,0,0,0
"1192","Hib3",2001,4,"male","PAK","Pakistan",0,0,0,0
"1193","Hib3",2002,4,"male","PAK","Pakistan",0,0,0,0
"1194","Hib3",2003,4,"male","PAK","Pakistan",0,0,0,0
"1195","Hib3",2004,4,"male","PAK","Pakistan",0,0,0,0
"1196","Hib3",2005,4,"male","PAK","Pakistan",0,0,0,0
"1197","Hib3",2006,4,"male","PAK","Pakistan",0,0,0,0
"1198","Hib3",2007,4,"male","PAK","Pakistan",0,0,0,0
"1199","Hib3",2008,4,"male","PAK","Pakistan",0,0,0,0
"1200","Hib3",2009,4,"male","PAK","Pakistan",0,0,0,0
"1201","Hib3",2010,4,"male","PAK","Pakistan",0,0,0,0
"1202","Hib3",2011,4,"male","PAK","Pakistan",0,0,0,0
"1203","Hib3",2012,4,"male","PAK","Pakistan",0,0,0,0
"1204","Hib3",2013,4,"male","PAK","Pakistan",0,0,0,0
"1205","Hib3",2014,4,"male","PAK","Pakistan",0,0,0,0
"1206","Hib3",2015,4,"male","PAK","Pakistan",0,0,0,0
"1207","Hib3",2016,4,"male","PAK","Pakistan",0,0,0,0
"1208","Hib3",2017,4,"male","PAK","Pakistan",0,0,0,0
"1209","Hib3",2018,4,"male","PAK","Pakistan",0,0,0,0
"1210","Hib3",2019,4,"male","PAK","Pakistan",0,0,0,0
"1211","Hib3",2020,4,"male","PAK","Pakistan",0,0,0,0
"1212","Hib3",2021,4,"male","PAK","Pakistan",0,0,0,0
"1213","Hib3",2022,4,"male","PAK","Pakistan",0,0,0,0
"1214","Hib3",2023,4,"male","PAK","Pakistan",0,0,0,0
"1215","Hib3",2024,4,"male","PAK","Pakistan",0,0,0,0
"1216","Hib3",2025,4,"male","PAK","Pakistan",0,0,0,0
"1217","Hib3",2026,4,"male","PAK","Pakistan",0,0,0,0
"1218","Hib3",2027,4,"male","PAK","Pakistan",0,0,0,0
"1219","Hib3",2028,4,"male","PAK","Pakistan",0,0,0,0
"1220","Hib3",2029,4,"male","PAK","Pakistan",0,0,0,0
"1221","Hib3",2030,4,"male","PAK","Pakistan",0,0,0,0
"1222","Hib3",2031,4,"male","PAK","Pakistan",0,0,0,0
"1223","Hib3",2032,4,"male","PAK","Pakistan",0,0,0,0
"1224","Hib3",2033,4,"male","PAK","Pakistan",0,0,0,0
"1225","Hib3",2034,4,"male","PAK","Pakistan",0,0,0,0
"1226","Hib3",2000,0,"female","PAK","Pakistan",0,0,0,0
"1227","Hib3",2001,0,"female","PAK","Pakistan",0,0,0,0
"1228","Hib3",2002,0,"female","PAK","Pakistan",0,0,0,0
"1229","Hib3",2003,0,"female","PAK","Pakistan",0,0,0,0
"1230","Hib3",2004,0,"female","PAK","Pakistan",0,0,0,0
"1231","Hib3",2005,0,"female","PAK","Pakistan",0,0,0,0
"1232","Hib3",2006,0,"female","PAK","Pakistan",0,0,0,0
"1233","Hib3",2007,0,"female","PAK","Pakistan",0,0,0,0
"1234","Hib3",2008,0,"female","PAK","Pakistan",0,0,0,0
"1235","Hib3",2009,0,"female","PAK","Pakistan",0,0,0,0
"1236","Hib3",2010,0,"female","PAK","Pakistan",0,0,0,0
"1237","Hib3",2011,0,"female","PAK","Pakistan",0,0,0,0
"1238","Hib3",2012,0,"female","PAK","Pakistan",0,0,0,0
"1239","Hib3",2013,0,"female","PAK","Pakistan",0,0,0,0
"1240","Hib3",2014,0,"female","PAK","Pakistan",0,0,0,0
"1241","Hib3",2015,0,"female","PAK","Pakistan",0,0,0,0
"1242","Hib3",2016,0,"female","PAK","Pakistan",0,0,0,0
"1243","Hib3",2017,0,"female","PAK","Pakistan",0,0,0,0
"1244","Hib3",2018,0,"female","PAK","Pakistan",0,0,0,0
"1245","Hib3",2019,0,"female","PAK","Pakistan",0,0,0,0
"1246","Hib3",2020,0,"female","PAK","Pakistan",0,0,0,0
"1247","Hib3",2021,0,"female","PAK","Pakistan",0,0,0,0
"1248","Hib3",2022,0,"female","PAK","Pakistan",0,0,0,0
"1249","Hib3",2023,0,"female","PAK","Pakistan",0,0,0,0
"1250","Hib3",2024,0,"female","PAK","Pakistan",0,0,0,0
"1251","Hib3",2025,0,"female","PAK","Pakistan",0,0,0,0
"1252","Hib3",2026,0,"female","PAK","Pakistan",0,0,0,0
"1253","Hib3",2027,0,"female","PAK","Pakistan",0,0,0,0
"1254","Hib3",2028,0,"female","PAK","Pakistan",0,0,0,0
"1255","Hib3",2029,0,"female","PAK","Pakistan",0,0,0,0
"1256","Hib3",2030,0,"female","PAK","Pakistan",0,0,0,0
"1257","Hib3",2031,0,"female","PAK","Pakistan",0,0,0,0
"1258","Hib3",2032,0,"female","PAK","Pakistan",0,0,0,0
"1259","Hib3",2033,0,"female","PAK","Pakistan",0,0,0,0
"1260","Hib3",2034,0,"female","PAK","Pakistan",0,0,0,0
"1261","Hib3",2000,1,"female","PAK","Pakistan",0,0,0,0
"1262","Hib3",2001,1,"female","PAK","Pakistan",0,0,0,0
"1263","Hib3",2002,1,"female","PAK","Pakistan",0,0,0,0
"1264","Hib3",2003,1,"female","PAK","Pakistan",0,0,0,0
"1265","Hib3",2004,1,"female","PAK","Pakistan",0,0,0,0
"1266","Hib3",2005,1,"female","PAK","Pakistan",0,0,0,0
"1267","Hib3",2006,1,"female","PAK","Pakistan",0,0,0,0
"1268","Hib3",2007,1,"female","PAK","Pakistan",0,0,0,0
"1269","Hib3",2008,1,"female","PAK","Pakistan",0,0,0,0
"1270","Hib3",2009,1,"female","PAK","Pakistan",0,0,0,0
"1271","Hib3",2010,1,"female","PAK","Pakistan",0,0,0,0
"1272","Hib3",2011,1,"female","PAK","Pakistan",0,0,0,0
"1273","Hib3",2012,1,"female","PAK","Pakistan",0,0,0,0
"1274","Hib3",2013,1,"female","PAK","Pakistan",0,0,0,0
"1275","Hib3",2014,1,"female","PAK","Pakistan",0,0,0,0
"1276","Hib3",2015,1,"female","PAK","Pakistan",0,0,0,0
"1277","Hib3",2016,1,"female","PAK","Pakistan",0,0,0,0
"1278","Hib3",2017,1,"female","PAK","Pakistan",0,0,0,0
"1279","Hib3",2018,1,"female","PAK","Pakistan",0,0,0,0
"1280","Hib3",2019,1,"female","PAK","Pakistan",0,0,0,0
"1281","Hib3",2020,1,"female","PAK","Pakistan",0,0,0,0
"1282","Hib3",2021,1,"female","PAK","Pakistan",0,0,0,0
"1283","Hib3",2022,1,"female","PAK","Pakistan",0,0,0,0
"1284","Hib3",2023,1,"female","PAK","Pakistan",0,0,0,0
"1285","Hib3",2024,1,"female","PAK","Pakistan",0,0,0,0
"1286","Hib3",2025,1,"female","PAK","Pakistan",0,0,0,0
"1287","Hib3",2026,1,"female","PAK","Pakistan",0,0,0,0
"1288","Hib3",2027,1,"female","PAK","Pakistan",0,0,0,0
"1289","Hib3",2028,1,"female","PAK","Pakistan",0,0,0,0
"1290","Hib3",2029,1,"female","PAK","Pakistan",0,0,0,0
"1291","Hib3",2030,1,"female","PAK","Pakistan",0,0,0,0
"1292","Hib3",2031,1,"female","PAK","Pakistan",0,0,0,0
"1293","Hib3",2032,1,"female","PAK","Pakistan",0,0,0,0
"1294","Hib3",2033,1,"female","PAK","Pakistan",0,0,0,0
"1295","Hib3",2034,1,"female","PAK","Pakistan",0,0,0,0
"1296","Hib3",2000,2,"female","PAK","Pakistan",0,0,0,0
"1297","Hib3",2001,2,"female","PAK","Pakistan",0,0,0,0
"1298","Hib3",2002,2,"female","PAK","Pakistan",0,0,0,0
"1299","Hib3",2003,2,"female","PAK","Pakistan",0,0,0,0
"1300","Hib3",2004,2,"female","PAK","Pakistan",0,0,0,0
"1301","Hib3",2005,2,"female","PAK","Pakistan",0,0,0,0
"1302","Hib3",2006,2,"female","PAK","Pakistan",0,0,0,0
"1303","Hib3",2007,2,"female","PAK","Pakistan",0,0,0,0
"1304","Hib3",2008,2,"female","PAK","Pakistan",0,0,0,0
"1305","Hib3",2009,2,"female","PAK","Pakistan",0,0,0,0
"1306","Hib3",2010,2,"female","PAK","Pakistan",0,0,0,0
"1307","Hib3",2011,2,"female","PAK","Pakistan",0,0,0,0
"1308","Hib3",2012,2,"female","PAK","Pakistan",0,0,0,0
"1309","Hib3",2013,2,"female","PAK","Pakistan",0,0,0,0
"1310","Hib3",2014,2,"female","PAK","Pakistan",0,0,0,0
"1311","Hib3",2015,2,"female","PAK","Pakistan",0,0,0,0
"1312","Hib3",2016,2,"female","PAK","Pakistan",0,0,0,0
"1313","Hib3",2017,2,"female","PAK","Pakistan",0,0,0,0
"1314","Hib3",2018,2,"female","PAK","Pakistan",0,0,0,0
"1315","Hib3",2019,2,"female","PAK","Pakistan",0,0,0,0
"1316","Hib3",2020,2,"female","PAK","Pakistan",0,0,0,0
"1317","Hib3",2021,2,"female","PAK","Pakistan",0,0,0,0
"1318","Hib3",2022,2,"female","PAK","Pakistan",0,0,0,0
"1319","Hib3",2023,2,"female","PAK","Pakistan",0,0,0,0
"1320","Hib3",2024,2,"female","PAK","Pakistan",0,0,0,0
"1321","Hib3",2025,2,"female","PAK","Pakistan",0,0,0,0
"1322","Hib3",2026,2,"female","PAK","Pakistan",0,0,0,0
"1323","Hib3",2027,2,"female","PAK","Pakistan",0,0,0,0
"1324","Hib3",2028,2,"female","PAK","Pakistan",0,0,0,0
"1325","Hib3",2029,2,"female","PAK","Pakistan",0,0,0,0
"1326","Hib3",2030,2,"female","PAK","Pakistan",0,0,0,0
"1327","Hib3",2031,2,"female","PAK","Pakistan",0,0,0,0
"1328","Hib3",2032,2,"female","PAK","Pakistan",0,0,0,0
"1329","Hib3",2033,2,"female","PAK","Pakistan",0,0,0,0
"1330","Hib3",2034,2,"female","PAK","Pakistan",0,0,0,0
"1331","Hib3",2000,3,"female","PAK","Pakistan",0,0,0,0
"1332","Hib3",2001,3,"female","PAK","Pakistan",0,0,0,0
"1333","Hib3",2002,3,"female","PAK","Pakistan",0,0,0,0
"1334","Hib3",2003,3,"female","PAK","Pakistan",0,0,0,0
"1335","Hib3",2004,3,"female","PAK","Pakistan",0,0,0,0
"1336","Hib3",2005,3,"female","PAK","Pakistan",0,0,0,0
"1337","Hib3",2006,3,"female","PAK","Pakistan",0,0,0,0
"1338","Hib3",2007,3,"female","PAK","Pakistan",0,0,0,0
"1339","Hib3",2008,3,"female","PAK","Pakistan",0,0,0,0
"1340","Hib3",2009,3,"female","PAK","Pakistan",0,0,0,0
"1341","Hib3",2010,3,"female","PAK","Pakistan",0,0,0,0
"1342","Hib3",2011,3,"female","PAK","Pakistan",0,0,0,0
"1343","Hib3",2012,3,"female","PAK","Pakistan",0,0,0,0
"1344","Hib3",2013,3,"female","PAK","Pakistan",0,0,0,0
"1345","Hib3",2014,3,"female","PAK","Pakistan",0,0,0,0
"1346","Hib3",2015,3,"female","PAK","Pakistan",0,0,0,0
"1347","Hib3",2016,3,"female","PAK","Pakistan",0,0,0,0
"1348","Hib3",2017,3,"female","PAK","Pakistan",0,0,0,0
"1349","Hib3",2018,3,"female","PAK","Pakistan",0,0,0,0
"1350","Hib3",2019,3,"female","PAK","Pakistan",0,0,0,0
"1351","Hib3",2020,3,"female","PAK","Pakistan",0,0,0,0
"1352","Hib3",2021,3,"female","PAK","Pakistan",0,0,0,0
"1353","Hib3",2022,3,"female","PAK","Pakistan",0,0,0,0
"1354","Hib3",2023,3,"female","PAK","Pakistan",0,0,0,0
"1355","Hib3",2024,3,"female","PAK","Pakistan",0,0,0,0
"1356","Hib3",2025,3,"female","PAK","Pakistan",0,0,0,0
"1357","Hib3",2026,3,"female","PAK","Pakistan",0,0,0,0
"1358","Hib3",2027,3,"female","PAK","Pakistan",0,0,0,0
"1359","Hib3",2028,3,"female","PAK","Pakistan",0,0,0,0
"1360","Hib3",2029,3,"female","PAK","Pakistan",0,0,0,0
"1361","Hib3",2030,3,"female","PAK","Pakistan",0,0,0,0
"1362","Hib3",2031,3,"female","PAK","Pakistan",0,0,0,0
"1363","Hib3",2032,3,"female","PAK","Pakistan",0,0,0,0
"1364","Hib3",2033,3,"female","PAK","Pakistan",0,0,0,0
"1365","Hib3",2034,3,"female","PAK","Pakistan",0,0,0,0
"1366","Hib3",2000,4,"female","PAK","Pakistan",0,0,0,0
"1367","Hib3",2001,4,"female","PAK","Pakistan",0,0,0,0
"1368","Hib3",2002,4,"female","PAK","Pakistan",0,0,0,0
"1369","Hib3",2003,4,"female","PAK","Pakistan",0,0,0,0
"1370","Hib3",2004,4,"female","PAK","Pakistan",0,0,0,0
"1371","Hib3",2005,4,"female","PAK","Pakistan",0,0,0,0
"1372","Hib3",2006,4,"female","PAK","Pakistan",0,0,0,0
"1373","Hib3",2007,4,"female","PAK","Pakistan",0,0,0,0
"1374","Hib3",2008,4,"female","PAK","Pakistan",0,0,0,0
"1375","Hib3",2009,4,"female","PAK","Pakistan",0,0,0,0
"1376","Hib3",2010,4,"female","PAK","Pakistan",0,0,0,0
"1377","Hib3",2011,4,"female","PAK","Pakistan",0,0,0,0
"1378","Hib3",2012,4,"female","PAK","Pakistan",0,0,0,0
"1379","Hib3",2013,4,"female","PAK","Pakistan",0,0,0,0
"1380","Hib3",2014,4,"female","PAK","Pakistan",0,0,0,0
"1381","Hib3",2015,4,"female","PAK","Pakistan",0,0,0,0
"1382","Hib3",2016,4,"female","PAK","Pakistan",0,0,0,0
"1383","Hib3",2017,4,"female","PAK","Pakistan",0,0,0,0
"1384","Hib3",2018,4,"female","PAK","Pakistan",0,0,0,0
"1385","Hib3",2019,4,"female","PAK","Pakistan",0,0,0,0
"1386","Hib3",2020,4,"female","PAK","Pakistan",0,0,0,0
"1387","Hib3",2021,4,"female","PAK","Pakistan",0,0,0,0
"1388","Hib3",2022,4,"female","PAK","Pakistan",0,0,0,0
"1389","Hib3",2023,4,"female","PAK","Pakistan",0,0,0,0
"1390","Hib3",2024,4,"female","PAK","Pakistan",0,0,0,0
"1391","Hib3",2025,4,"female","PAK","Pakistan",0,0,0,0
"1392","Hib3",2026,4,"female","PAK","Pakistan",0,0,0,0
"1393","Hib3",2027,4,"female","PAK","Pakistan",0,0,0,0
"1394","Hib3",2028,4,"female","PAK","Pakistan",0,0,0,0
"1395","Hib3",2029,4,"female","PAK","Pakistan",0,0,0,0
"1396","Hib3",2030,4,"female","PAK","Pakistan",0,0,0,0
"1397","Hib3",2031,4,"female","PAK","Pakistan",0,0,0,0
"1398","Hib3",2032,4,"female","PAK","Pakistan",0,0,0,0
"1399","Hib3",2033,4,"female","PAK","Pakistan",0,0,0,0
"1400","Hib3",2034,4,"female","PAK","Pakistan",0,0,0,0
"1401","Hib3",2000,0,"male","COD","Congo, DR",0,0,0,0
"1402","Hib3",2001,0,"male","COD","Congo, DR",0,0,0,0
"1403","Hib3",2002,0,"male","COD","Congo, DR",0,0,0,0
"1404","Hib3",2003,0,"male","COD","Congo, DR",0,0,0,0
"1405","Hib3",2004,0,"male","COD","Congo, DR",0,0,0,0
"1406","Hib3",2005,0,"male","COD","Congo, DR",0,0,0,0
"1407","Hib3",2006,0,"male","COD","Congo, DR",0,0,0,0
"1408","Hib3",2007,0,"male","COD","Congo, DR",0,0,0,0
"1409","Hib3",2008,0,"male","COD","Congo, DR",0,0,0,0
"1410","Hib3",2009,0,"male","COD","Congo, DR",0,0,0,0
"1411","Hib3",2010,0,"male","COD","Congo, DR",0,0,0,0
"1412","Hib3",2011,0,"male","COD","Congo, DR",0,0,0,0
"1413","Hib3",2012,0,"male","COD","Congo, DR",0,0,0,0
"1414","Hib3",2013,0,"male","COD","Congo, DR",0,0,0,0
"1415","Hib3",2014,0,"male","COD","Congo, DR",0,0,0,0
"1416","Hib3",2015,0,"male","COD","Congo, DR",0,0,0,0
"1417","Hib3",2016,0,"male","COD","Congo, DR",0,0,0,0
"1418","Hib3",2017,0,"male","COD","Congo, DR",0,0,0,0
"1419","Hib3",2018,0,"male","COD","Congo, DR",0,0,0,0
"1420","Hib3",2019,0,"male","COD","Congo, DR",0,0,0,0
"1421","Hib3",2020,0,"male","COD","Congo, DR",0,0,0,0
"1422","Hib3",2021,0,"male","COD","Congo, DR",0,0,0,0
"1423","Hib3",2022,0,"male","COD","Congo, DR",0,0,0,0
"1424","Hib3",2023,0,"male","COD","Congo, DR",0,0,0,0
"1425","Hib3",2024,0,"male","COD","Congo, DR",0,0,0,0
"1426","Hib3",2025,0,"male","COD","Congo, DR",0,0,0,0
"1427","Hib3",2026,0,"male","COD","Congo, DR",0,0,0,0
"1428","Hib3",2027,0,"male","COD","Congo, DR",0,0,0,0
"1429","Hib3",2028,0,"male","COD","Congo, DR",0,0,0,0
"1430","Hib3",2029,0,"male","COD","Congo, DR",0,0,0,0
"1431","Hib3",2030,0,"male","COD","Congo, DR",0,0,0,0
"1432","Hib3",2031,0,"male","COD","Congo, DR",0,0,0,0
"1433","Hib3",2032,0,"male","COD","Congo, DR",0,0,0,0
"1434","Hib3",2033,0,"male","COD","Congo, DR",0,0,0,0
"1435","Hib3",2034,0,"male","COD","Congo, DR",0,0,0,0
"1436","Hib3",2000,1,"male","COD","Congo, DR",0,0,0,0
"1437","Hib3",2001,1,"male","COD","Congo, DR",0,0,0,0
"1438","Hib3",2002,1,"male","COD","Congo, DR",0,0,0,0
"1439","Hib3",2003,1,"male","COD","Congo, DR",0,0,0,0
"1440","Hib3",2004,1,"male","COD","Congo, DR",0,0,0,0
"1441","Hib3",2005,1,"male","COD","Congo, DR",0,0,0,0
"1442","Hib3",2006,1,"male","COD","Congo, DR",0,0,0,0
"1443","Hib3",2007,1,"male","COD","Congo, DR",0,0,0,0
"1444","Hib3",2008,1,"male","COD","Congo, DR",0,0,0,0
"1445","Hib3",2009,1,"male","COD","Congo, DR",0,0,0,0
"1446","Hib3",2010,1,"male","COD","Congo, DR",0,0,0,0
"1447","Hib3",2011,1,"male","COD","Congo, DR",0,0,0,0
"1448","Hib3",2012,1,"male","COD","Congo, DR",0,0,0,0
"1449","Hib3",2013,1,"male","COD","Congo, DR",0,0,0,0
"1450","Hib3",2014,1,"male","COD","Congo, DR",0,0,0,0
"1451","Hib3",2015,1,"male","COD","Congo, DR",0,0,0,0
"1452","Hib3",2016,1,"male","COD","Congo, DR",0,0,0,0
"1453","Hib3",2017,1,"male","COD","Congo, DR",0,0,0,0
"1454","Hib3",2018,1,"male","COD","Congo, DR",0,0,0,0
"1455","Hib3",2019,1,"male","COD","Congo, DR",0,0,0,0
"1456","Hib3",2020,1,"male","COD","Congo, DR",0,0,0,0
"1457","Hib3",2021,1,"male","COD","Congo, DR",0,0,0,0
"1458","Hib3",2022,1,"male","COD","Congo, DR",0,0,0,0
"1459","Hib3",2023,1,"male","COD","Congo, DR",0,0,0,0
"1460","Hib3",2024,1,"male","COD","Congo, DR",0,0,0,0
"1461","Hib3",2025,1,"male","COD","Congo, DR",0,0,0,0
"1462","Hib3",2026,1,"male","COD","Congo, DR",0,0,0,0
"1463","Hib3",2027,1,"male","COD","Congo, DR",0,0,0,0
"1464","Hib3",2028,1,"male","COD","Congo, DR",0,0,0,0
"1465","Hib3",2029,1,"male","COD","Congo, DR",0,0,0,0
"1466","Hib3",2030,1,"male","COD","Congo, DR",0,0,0,0
"1467","Hib3",2031,1,"male","COD","Congo, DR",0,0,0,0
"1468","Hib3",2032,1,"male","COD","Congo, DR",0,0,0,0
"1469","Hib3",2033,1,"male","COD","Congo, DR",0,0,0,0
"1470","Hib3",2034,1,"male","COD","Congo, DR",0,0,0,0
"1471","Hib3",2000,2,"male","COD","Congo, DR",0,0,0,0
"1472","Hib3",2001,2,"male","COD","Congo, DR",0,0,0,0
"1473","Hib3",2002,2,"male","COD","Congo, DR",0,0,0,0
"1474","Hib3",2003,2,"male","COD","Congo, DR",0,0,0,0
"1475","Hib3",2004,2,"male","COD","Congo, DR",0,0,0,0
"1476","Hib3",2005,2,"male","COD","Congo, DR",0,0,0,0
"1477","Hib3",2006,2,"male","COD","Congo, DR",0,0,0,0
"1478","Hib3",2007,2,"male","COD","Congo, DR",0,0,0,0
"1479","Hib3",2008,2,"male","COD","Congo, DR",0,0,0,0
"1480","Hib3",2009,2,"male","COD","Congo, DR",0,0,0,0
"1481","Hib3",2010,2,"male","COD","Congo, DR",0,0,0,0
"1482","Hib3",2011,2,"male","COD","Congo, DR",0,0,0,0
"1483","Hib3",2012,2,"male","COD","Congo, DR",0,0,0,0
"1484","Hib3",2013,2,"male","COD","Congo, DR",0,0,0,0
"1485","Hib3",2014,2,"male","COD","Congo, DR",0,0,0,0
"1486","Hib3",2015,2,"male","COD","Congo, DR",0,0,0,0
"1487","Hib3",2016,2,"male","COD","Congo, DR",0,0,0,0
"1488","Hib3",2017,2,"male","COD","Congo, DR",0,0,0,0
"1489","Hib3",2018,2,"male","COD","Congo, DR",0,0,0,0
"1490","Hib3",2019,2,"male","COD","Congo, DR",0,0,0,0
"1491","Hib3",2020,2,"male","COD","Congo, DR",0,0,0,0
"1492","Hib3",2021,2,"male","COD","Congo, DR",0,0,0,0
"1493","Hib3",2022,2,"male","COD","Congo, DR",0,0,0,0
"1494","Hib3",2023,2,"male","COD","Congo, DR",0,0,0,0
"1495","Hib3",2024,2,"male","COD","Congo, DR",0,0,0,0
"1496","Hib3",2025,2,"male","COD","Congo, DR",0,0,0,0
"1497","Hib3",2026,2,"male","COD","Congo, DR",0,0,0,0
"1498","Hib3",2027,2,"male","COD","Congo, DR",0,0,0,0
"1499","Hib3",2028,2,"male","COD","Congo, DR",0,0,0,0
"1500","Hib3",2029,2,"male","COD","Congo, DR",0,0,0,0
"1501","Hib3",2030,2,"male","COD","Congo, DR",0,0,0,0
"1502","Hib3",2031,2,"male","COD","Congo, DR",0,0,0,0
"1503","Hib3",2032,2,"male","COD","Congo, DR",0,0,0,0
"1504","Hib3",2033,2,"male","COD","Congo, DR",0,0,0,0
"1505","Hib3",2034,2,"male","COD","Congo, DR",0,0,0,0
"1506","Hib3",2000,3,"male","COD","Congo, DR",0,0,0,0
"1507","Hib3",2001,3,"male","COD","Congo, DR",0,0,0,0
"1508","Hib3",2002,3,"male","COD","Congo, DR",0,0,0,0
"1509","Hib3",2003,3,"male","COD","Congo, DR",0,0,0,0
"1510","Hib3",2004,3,"male","COD","Congo, DR",0,0,0,0
"1511","Hib3",2005,3,"male","COD","Congo, DR",0,0,0,0
"1512","Hib3",2006,3,"male","COD","Congo, DR",0,0,0,0
"1513","Hib3",2007,3,"male","COD","Congo, DR",0,0,0,0
"1514","Hib3",2008,3,"male","COD","Congo, DR",0,0,0,0
"1515","Hib3",2009,3,"male","COD","Congo, DR",0,0,0,0
"1516","Hib3",2010,3,"male","COD","Congo, DR",0,0,0,0
"1517","Hib3",2011,3,"male","COD","Congo, DR",0,0,0,0
"1518","Hib3",2012,3,"male","COD","Congo, DR",0,0,0,0
"1519","Hib3",2013,3,"male","COD","Congo, DR",0,0,0,0
"1520","Hib3",2014,3,"male","COD","Congo, DR",0,0,0,0
"1521","Hib3",2015,3,"male","COD","Congo, DR",0,0,0,0
"1522","Hib3",2016,3,"male","COD","Congo, DR",0,0,0,0
"1523","Hib3",2017,3,"male","COD","Congo, DR",0,0,0,0
"1524","Hib3",2018,3,"male","COD","Congo, DR",0,0,0,0
"1525","Hib3",2019,3,"male","COD","Congo, DR",0,0,0,0
"1526","Hib3",2020,3,"male","COD","Congo, DR",0,0,0,0
"1527","Hib3",2021,3,"male","COD","Congo, DR",0,0,0,0
"1528","Hib3",2022,3,"male","COD","Congo, DR",0,0,0,0
"1529","Hib3",2023,3,"male","COD","Congo, DR",0,0,0,0
"1530","Hib3",2024,3,"male","COD","Congo, DR",0,0,0,0
"1531","Hib3",2025,3,"male","COD","Congo, DR",0,0,0,0
"1532","Hib3",2026,3,"male","COD","Congo, DR",0,0,0,0
"1533","Hib3",2027,3,"male","COD","Congo, DR",0,0,0,0
"1534","Hib3",2028,3,"male","COD","Congo, DR",0,0,0,0
"1535","Hib3",2029,3,"male","COD","Congo, DR",0,0,0,0
"1536","Hib3",2030,3,"male","COD","Congo, DR",0,0,0,0
"1537","Hib3",2031,3,"male","COD","Congo, DR",0,0,0,0
"1538","Hib3",2032,3,"male","COD","Congo, DR",0,0,0,0
"1539","Hib3",2033,3,"male","COD","Congo, DR",0,0,0,0
"1540","Hib3",2034,3,"male","COD","Congo, DR",0,0,0,0
"1541","Hib3",2000,4,"male","COD","Congo, DR",0,0,0,0
"1542","Hib3",2001,4,"male","COD","Congo, DR",0,0,0,0
"1543","Hib3",2002,4,"male","COD","Congo, DR",0,0,0,0
"1544","Hib3",2003,4,"male","COD","Congo, DR",0,0,0,0
"1545","Hib3",2004,4,"male","COD","Congo, DR",0,0,0,0
"1546","Hib3",2005,4,"male","COD","Congo, DR",0,0,0,0
"1547","Hib3",2006,4,"male","COD","Congo, DR",0,0,0,0
"1548","Hib3",2007,4,"male","COD","Congo, DR",0,0,0,0
"1549","Hib3",2008,4,"male","COD","Congo, DR",0,0,0,0
"1550","Hib3",2009,4,"male","COD","Congo, DR",0,0,0,0
"1551","Hib3",2010,4,"male","COD","Congo, DR",0,0,0,0
"1552","Hib3",2011,4,"male","COD","Congo, DR",0,0,0,0
"1553","Hib3",2012,4,"male","COD","Congo, DR",0,0,0,0
"1554","Hib3",2013,4,"male","COD","Congo, DR",0,0,0,0
"1555","Hib3",2014,4,"male","COD","Congo, DR",0,0,0,0
"1556","Hib3",2015,4,"male","COD","Congo, DR",0,0,0,0
"1557","Hib3",2016,4,"male","COD","Congo, DR",0,0,0,0
"1558","Hib3",2017,4,"male","COD","Congo, DR",0,0,0,0
"1559","Hib3",2018,4,"male","COD","Congo, DR",0,0,0,0
"1560","Hib3",2019,4,"male","COD","Congo, DR",0,0,0,0
"1561","Hib3",2020,4,"male","COD","Congo, DR",0,0,0,0
"1562","Hib3",2021,4,"male","COD","Congo, DR",0,0,0,0
"1563","Hib3",2022,4,"male","COD","Congo, DR",0,0,0,0
"1564","Hib3",2023,4,"male","COD","Congo, DR",0,0,0,0
"1565","Hib3",2024,4,"male","COD","Congo, DR",0,0,0,0
"1566","Hib3",2025,4,"male","COD","Congo, DR",0,0,0,0
"1567","Hib3",2026,4,"male","COD","Congo, DR",0,0,0,0
"1568","Hib3",2027,4,"male","COD","Congo, DR",0,0,0,0
"1569","Hib3",2028,4,"male","COD","Congo, DR",0,0,0,0
"1570","Hib3",2029,4,"male","COD","Congo, DR",0,0,0,0
"1571","Hib3",2030,4,"male","COD","Congo, DR",0,0,0,0
"1572","Hib3",2031,4,"male","COD","Congo, DR",0,0,0,0
"1573","Hib3",2032,4,"male","COD","Congo, DR",0,0,0,0
"1574","Hib3",2033,4,"male","COD","Congo, DR",0,0,0,0
"1575","Hib3",2034,4,"male","COD","Congo, DR",0,0,0,0
"1576","Hib3",2000,0,"female","COD","Congo, DR",0,0,0,0
"1577","Hib3",2001,0,"female","COD","Congo, DR",0,0,0,0
"1578","Hib3",2002,0,"female","COD","Congo, DR",0,0,0,0
"1579","Hib3",2003,0,"female","COD","Congo, DR",0,0,0,0
"1580","Hib3",2004,0,"female","COD","Congo, DR",0,0,0,0
"1581","Hib3",2005,0,"female","COD","Congo, DR",0,0,0,0
"1582","Hib3",2006,0,"female","COD","Congo, DR",0,0,0,0
"1583","Hib3",2007,0,"female","COD","Congo, DR",0,0,0,0
"1584","Hib3",2008,0,"female","COD","Congo, DR",0,0,0,0
"1585","Hib3",2009,0,"female","COD","Congo, DR",0,0,0,0
"1586","Hib3",2010,0,"female","COD","Congo, DR",0,0,0,0
"1587","Hib3",2011,0,"female","COD","Congo, DR",0,0,0,0
"1588","Hib3",2012,0,"female","COD","Congo, DR",0,0,0,0
"1589","Hib3",2013,0,"female","COD","Congo, DR",0,0,0,0
"1590","Hib3",2014,0,"female","COD","Congo, DR",0,0,0,0
"1591","Hib3",2015,0,"female","COD","Congo, DR",0,0,0,0
"1592","Hib3",2016,0,"female","COD","Congo, DR",0,0,0,0
"1593","Hib3",2017,0,"female","COD","Congo, DR",0,0,0,0
"1594","Hib3",2018,0,"female","COD","Congo, DR",0,0,0,0
"1595","Hib3",2019,0,"female","COD","Congo, DR",0,0,0,0
"1596","Hib3",2020,0,"female","COD","Congo, DR",0,0,0,0
"1597","Hib3",2021,0,"female","COD","Congo, DR",0,0,0,0
"1598","Hib3",2022,0,"female","COD","Congo, DR",0,0,0,0
"1599","Hib3",2023,0,"female","COD","Congo, DR",0,0,0,0
"1600","Hib3",2024,0,"female","COD","Congo, DR",0,0,0,0
"1601","Hib3",2025,0,"female","COD","Congo, DR",0,0,0,0
"1602","Hib3",2026,0,"female","COD","Congo, DR",0,0,0,0
"1603","Hib3",2027,0,"female","COD","Congo, DR",0,0,0,0
"1604","Hib3",2028,0,"female","COD","Congo, DR",0,0,0,0
"1605","Hib3",2029,0,"female","COD","Congo, DR",0,0,0,0
"1606","Hib3",2030,0,"female","COD","Congo, DR",0,0,0,0
"1607","Hib3",2031,0,"female","COD","Congo, DR",0,0,0,0
"1608","Hib3",2032,0,"female","COD","Congo, DR",0,0,0,0
"1609","Hib3",2033,0,"female","COD","Congo, DR",0,0,0,0
"1610","Hib3",2034,0,"female","COD","Congo, DR",0,0,0,0
"1611","Hib3",2000,1,"female","COD","Congo, DR",0,0,0,0
"1612","Hib3",2001,1,"female","COD","Congo, DR",0,0,0,0
"1613","Hib3",2002,1,"female","COD","Congo, DR",0,0,0,0
"1614","Hib3",2003,1,"female","COD","Congo, DR",0,0,0,0
"1615","Hib3",2004,1,"female","COD","Congo, DR",0,0,0,0
"1616","Hib3",2005,1,"female","COD","Congo, DR",0,0,0,0
"1617","Hib3",2006,1,"female","COD","Congo, DR",0,0,0,0
"1618","Hib3",2007,1,"female","COD","Congo, DR",0,0,0,0
"1619","Hib3",2008,1,"female","COD","Congo, DR",0,0,0,0
"1620","Hib3",2009,1,"female","COD","Congo, DR",0,0,0,0
"1621","Hib3",2010,1,"female","COD","Congo, DR",0,0,0,0
"1622","Hib3",2011,1,"female","COD","Congo, DR",0,0,0,0
"1623","Hib3",2012,1,"female","COD","Congo, DR",0,0,0,0
"1624","Hib3",2013,1,"female","COD","Congo, DR",0,0,0,0
"1625","Hib3",2014,1,"female","COD","Congo, DR",0,0,0,0
"1626","Hib3",2015,1,"female","COD","Congo, DR",0,0,0,0
"1627","Hib3",2016,1,"female","COD","Congo, DR",0,0,0,0
"1628","Hib3",2017,1,"female","COD","Congo, DR",0,0,0,0
"1629","Hib3",2018,1,"female","COD","Congo, DR",0,0,0,0
"1630","Hib3",2019,1,"female","COD","Congo, DR",0,0,0,0
"1631","Hib3",2020,1,"female","COD","Congo, DR",0,0,0,0
"1632","Hib3",2021,1,"female","COD","Congo, DR",0,0,0,0
"1633","Hib3",2022,1,"female","COD","Congo, DR",0,0,0,0
"1634","Hib3",2023,1,"female","COD","Congo, DR",0,0,0,0
"1635","Hib3",2024,1,"female","COD","Congo, DR",0,0,0,0
"1636","Hib3",2025,1,"female","COD","Congo, DR",0,0,0,0
"1637","Hib3",2026,1,"female","COD","Congo, DR",0,0,0,0
"1638","Hib3",2027,1,"female","COD","Congo, DR",0,0,0,0
"1639","Hib3",2028,1,"female","COD","Congo, DR",0,0,0,0
"1640","Hib3",2029,1,"female","COD","Congo, DR",0,0,0,0
"1641","Hib3",2030,1,"female","COD","Congo, DR",0,0,0,0
"1642","Hib3",2031,1,"female","COD","Congo, DR",0,0,0,0
"1643","Hib3",2032,1,"female","COD","Congo, DR",0,0,0,0
"1644","Hib3",2033,1,"female","COD","Congo, DR",0,0,0,0
"1645","Hib3",2034,1,"female","COD","Congo, DR",0,0,0,0
"1646","Hib3",2000,2,"female","COD","Congo, DR",0,0,0,0
"1647","Hib3",2001,2,"female","COD","Congo, DR",0,0,0,0
"1648","Hib3",2002,2,"female","COD","Congo, DR",0,0,0,0
"1649","Hib3",2003,2,"female","COD","Congo, DR",0,0,0,0
"1650","Hib3",2004,2,"female","COD","Congo, DR",0,0,0,0
"1651","Hib3",2005,2,"female","COD","Congo, DR",0,0,0,0
"1652","Hib3",2006,2,"female","COD","Congo, DR",0,0,0,0
"1653","Hib3",2007,2,"female","COD","Congo, DR",0,0,0,0
"1654","Hib3",2008,2,"female","COD","Congo, DR",0,0,0,0
"1655","Hib3",2009,2,"female","COD","Congo, DR",0,0,0,0
"1656","Hib3",2010,2,"female","COD","Congo, DR",0,0,0,0
"1657","Hib3",2011,2,"female","COD","Congo, DR",0,0,0,0
"1658","Hib3",2012,2,"female","COD","Congo, DR",0,0,0,0
"1659","Hib3",2013,2,"female","COD","Congo, DR",0,0,0,0
"1660","Hib3",2014,2,"female","COD","Congo, DR",0,0,0,0
"1661","Hib3",2015,2,"female","COD","Congo, DR",0,0,0,0
"1662","Hib3",2016,2,"female","COD","Congo, DR",0,0,0,0
"1663","Hib3",2017,2,"female","COD","Congo, DR",0,0,0,0
"1664","Hib3",2018,2,"female","COD","Congo, DR",0,0,0,0
"1665","Hib3",2019,2,"female","COD","Congo, DR",0,0,0,0
"1666","Hib3",2020,2,"female","COD","Congo, DR",0,0,0,0
"1667","Hib3",2021,2,"female","COD","Congo, DR",0,0,0,0
"1668","Hib3",2022,2,"female","COD","Congo, DR",0,0,0,0
"1669","Hib3",2023,2,"female","COD","Congo, DR",0,0,0,0
"1670","Hib3",2024,2,"female","COD","Congo, DR",0,0,0,0
"1671","Hib3",2025,2,"female","COD","Congo, DR",0,0,0,0
"1672","Hib3",2026,2,"female","COD","Congo, DR",0,0,0,0
"1673","Hib3",2027,2,"female","COD","Congo, DR",0,0,0,0
"1674","Hib3",2028,2,"female","COD","Congo, DR",0,0,0,0
"1675","Hib3",2029,2,"female","COD","Congo, DR",0,0,0,0
"1676","Hib3",2030,2,"female","COD","Congo, DR",0,0,0,0
"1677","Hib3",2031,2,"female","COD","Congo, DR",0,0,0,0
"1678","Hib3",2032,2,"female","COD","Congo, DR",0,0,0,0
"1679","Hib3",2033,2,"female","COD","Congo, DR",0,0,0,0
"1680","Hib3",2034,2,"female","COD","Congo, DR",0,0,0,0
"1681","Hib3",2000,3,"female","COD","Congo, DR",0,0,0,0
"1682","Hib3",2001,3,"female","COD","Congo, DR",0,0,0,0
"1683","Hib3",2002,3,"female","COD","Congo, DR",0,0,0,0
"1684","Hib3",2003,3,"female","COD","Congo, DR",0,0,0,0
"1685","Hib3",2004,3,"female","COD","Congo, DR",0,0,0,0
"1686","Hib3",2005,3,"female","COD","Congo, DR",0,0,0,0
"1687","Hib3",2006,3,"female","COD","Congo, DR",0,0,0,0
"1688","Hib3",2007,3,"female","COD","Congo, DR",0,0,0,0
"1689","Hib3",2008,3,"female","COD","Congo, DR",0,0,0,0
"1690","Hib3",2009,3,"female","COD","Congo, DR",0,0,0,0
"1691","Hib3",2010,3,"female","COD","Congo, DR",0,0,0,0
"1692","Hib3",2011,3,"female","COD","Congo, DR",0,0,0,0
"1693","Hib3",2012,3,"female","COD","Congo, DR",0,0,0,0
"1694","Hib3",2013,3,"female","COD","Congo, DR",0,0,0,0
"1695","Hib3",2014,3,"female","COD","Congo, DR",0,0,0,0
"1696","Hib3",2015,3,"female","COD","Congo, DR",0,0,0,0
"1697","Hib3",2016,3,"female","COD","Congo, DR",0,0,0,0
"1698","Hib3",2017,3,"female","COD","Congo, DR",0,0,0,0
"1699","Hib3",2018,3,"female","COD","Congo, DR",0,0,0,0
"1700","Hib3",2019,3,"female","COD","Congo, DR",0,0,0,0
"1701","Hib3",2020,3,"female","COD","Congo, DR",0,0,0,0
"1702","Hib3",2021,3,"female","COD","Congo, DR",0,0,0,0
"1703","Hib3",2022,3,"female","COD","Congo, DR",0,0,0,0
"1704","Hib3",2023,3,"female","COD","Congo, DR",0,0,0,0
"1705","Hib3",2024,3,"female","COD","Congo, DR",0,0,0,0
"1706","Hib3",2025,3,"female","COD","Congo, DR",0,0,0,0
"1707","Hib3",2026,3,"female","COD","Congo, DR",0,0,0,0
"1708","Hib3",2027,3,"female","COD","Congo, DR",0,0,0,0
"1709","Hib3",2028,3,"female","COD","Congo, DR",0,0,0,0
"1710","Hib3",2029,3,"female","COD","Congo, DR",0,0,0,0
"1711","Hib3",2030,3,"female","COD","Congo, DR",0,0,0,0
"1712","Hib3",2031,3,"female","COD","Congo, DR",0,0,0,0
"1713","Hib3",2032,3,"female","COD","Congo, DR",0,0,0,0
"1714","Hib3",2033,3,"female","COD","Congo, DR",0,0,0,0
"1715","Hib3",2034,3,"female","COD","Congo, DR",0,0,0,0
"1716","Hib3",2000,4,"female","COD","Congo, DR",0,0,0,0
"1717","Hib3",2001,4,"female","COD","Congo, DR",0,0,0,0
"1718","Hib3",2002,4,"female","COD","Congo, DR",0,0,0,0
"1719","Hib3",2003,4,"female","COD","Congo, DR",0,0,0,0
"1720","Hib3",2004,4,"female","COD","Congo, DR",0,0,0,0
"1721","Hib3",2005,4,"female","COD","Congo, DR",0,0,0,0
"1722","Hib3",2006,4,"female","COD","Congo, DR",0,0,0,0
"1723","Hib3",2007,4,"female","COD","Congo, DR",0,0,0,0
"1724","Hib3",2008,4,"female","COD","Congo, DR",0,0,0,0
"1725","Hib3",2009,4,"female","COD","Congo, DR",0,0,0,0
"1726","Hib3",2010,4,"female","COD","Congo, DR",0,0,0,0
"1727","Hib3",2011,4,"female","COD","Congo, DR",0,0,0,0
"1728","Hib3",2012,4,"female","COD","Congo, DR",0,0,0,0
"1729","Hib3",2013,4,"female","COD","Congo, DR",0,0,0,0
"1730","Hib3",2014,4,"female","COD","Congo, DR",0,0,0,0
"1731","Hib3",2015,4,"female","COD","Congo, DR",0,0,0,0
"1732","Hib3",2016,4,"female","COD","Congo, DR",0,0,0,0
"1733","Hib3",2017,4,"female","COD","Congo, DR",0,0,0,0
"1734","Hib3",2018,4,"female","COD","Congo, DR",0,0,0,0
"1735","Hib3",2019,4,"female","COD","Congo, DR",0,0,0,0
"1736","Hib3",2020,4,"female","COD","Congo, DR",0,0,0,0
"1737","Hib3",2021,4,"female","COD","Congo, DR",0,0,0,0
"1738","Hib3",2022,4,"female","COD","Congo, DR",0,0,0,0
"1739","Hib3",2023,4,"female","COD","Congo, DR",0,0,0,0
"1740","Hib3",2024,4,"female","COD","Congo, DR",0,0,0,0
"1741","Hib3",2025,4,"female","COD","Congo, DR",0,0,0,0
"1742","Hib3",2026,4,"female","COD","Congo, DR",0,0,0,0
"1743","Hib3",2027,4,"female","COD","Congo, DR",0,0,0,0
"1744","Hib3",2028,4,"female","COD","Congo, DR",0,0,0,0
"1745","Hib3",2029,4,"female","COD","Congo, DR",0,0,0,0
"1746","Hib3",2030,4,"female","COD","Congo, DR",0,0,0,0
"1747","Hib3",2031,4,"female","COD","Congo, DR",0,0,0,0
"1748","Hib3",2032,4,"female","COD","Congo, DR",0,0,0,0
"1749","Hib3",2033,4,"female","COD","Congo, DR",0,0,0,0
"1750","Hib3",2034,4,"female","COD","Congo, DR",0,0,0,0
